Structure 1: -508.55224756918 -508.42901611328125 -6.35690309461475 -6.3553627014160154 80 0.12323145589874684
Structure 2: -509.191491043199 -509.0521240234375 -6.364893638039987 -6.363151550292969 80 0.1393670197614938
Structure 3: -509.736175644139 -509.5846252441406 -6.3717021955517374 -6.3698078155517575 80 0.15155039999837072
Structure 4: -509.703197278111 -509.55450439453125 -6.371289965976388 -6.3694313049316404 80 0.14869288357976984
Structure 5: -510.1573616926 -510.0157165527344 -6.376967021157499 -6.37519645690918 80 0.14164513986560223
Structure 6: -510.236553015409 -510.0836181640625 -6.377956912692612 -6.376045227050781 80 0.1529348513465152
Structure 7: -510.454939468123 -510.31524658203125 -6.3806867433515375 -6.378940582275391 80 0.1396928860917228
Structure 8: -510.785290682092 -510.6373291015625 -6.38481613352615 -6.382966613769531 80 0.14796158052951114
Structure 9: -511.19072277892 -511.017333984375 -6.3898840347365 -6.387716674804688 80 0.1733887945450192
Structure 10: -511.293169099412 -511.1156921386719 -6.39116461374265 -6.388946151733398 80 0.17747696074013675
Structure 11: -511.366752526803 -511.2099914550781 -6.392084406585037 -6.390124893188476 80 0.15676107172487264
Structure 12: -511.378077560788 -511.2203674316406 -6.39222596950985 -6.3902545928955075 80 0.15771012914734683
Structure 13: -511.116013496328 -510.94891357421875 -6.3889501687041 -6.386861419677734 80 0.1670999221092302
Structure 14: -510.939355056136 -510.7829284667969 -6.3867419382017 -6.384786605834961 80 0.15642658933910525
Structure 15: -510.957280154791 -510.8020935058594 -6.386966001934888 -6.385026168823242 80 0.1551866489316467
Structure 16: -510.95584641899 -510.7920837402344 -6.386948080237375 -6.38490104675293 80 0.16376267875563144
Structure 17: -510.977251496428 -510.8133239746094 -6.38721564370535 -6.3851665496826175 80 0.16392752181860715
Structure 18: -510.885464674742 -510.72967529296875 -6.386068308434275 -6.384120941162109 80 0.15578938177327473
Structure 19: -510.909386200816 -510.75445556640625 -6.3863673275102 -6.384430694580078 80 0.15493063440976584
Structure 20: -510.766273218043 -510.6131591796875 -6.384578415225538 -6.382664489746094 80 0.15311403835551118
Structure 21: -510.871558030769 -510.7295227050781 -6.385894475384612 -6.384119033813477 80 0.14203532569086974
Structure 22: -510.799633820283 -510.6614074707031 -6.384995422753538 -6.383267593383789 80 0.1382263495798952
Structure 23: -510.659319092421 -510.5152893066406 -6.383241488655263 -6.381441116333008 80 0.14402978578038983
Structure 24: -510.834386734663 -510.6963806152344 -6.385429834183287 -6.383704757690429 80 0.13800611942860996
Structure 25: -510.669778816064 -510.52313232421875 -6.383372235200801 -6.381539154052734 80 0.14664649184527434
Structure 26: -510.483638217855 -510.3371276855469 -6.3810454777231875 -6.379214096069336 80 0.1465105323081275
Structure 27: -510.565239031301 -510.4015808105469 -6.382065487891262 -6.380019760131836 80 0.1636582207541437
Structure 28: -510.557339900781 -510.4205017089844 -6.381966748759763 -6.380256271362304 80 0.1368381917966417
Structure 29: -510.692989753745 -510.53582763671875 -6.383662371921813 -6.3816978454589846 80 0.15716211702624605
Structure 30: -510.647178011655 -510.4973449707031 -6.3830897251456875 -6.381216812133789 80 0.14983304095187577
Structure 31: -510.543464922503 -510.3912353515625 -6.381793311531288 -6.379890441894531 80 0.1522295709405057
Structure 32: -510.580480482789 -510.4373474121094 -6.382256006034863 -6.3804668426513675 80 0.14313307067965297
Structure 33: -510.350238165272 -510.1878356933594 -6.3793779770659 -6.377347946166992 80 0.16240247191262824
Structure 34: -510.526095551733 -510.3653259277344 -6.381576194396663 -6.37956657409668 80 0.1607696239986467
Structure 35: -510.152431981864 -510.0071716308594 -6.3769053997733005 -6.375089645385742 80 0.1452603510046515
Structure 36: -510.405823525296 -510.2505187988281 -6.3800727940662 -6.378131484985351 80 0.1553047264678753
Structure 37: -510.168633529123 -509.9999694824219 -6.377107919114037 -6.374999618530273 80 0.16866404670111024
Structure 38: -510.398873123097 -510.2373046875 -6.379985914038713 -6.37796630859375 80 0.16156843559701883
Structure 39: -510.290970313643 -510.1484680175781 -6.378637128920538 -6.376855850219727 80 0.1425022960648903
Structure 40: -510.12859844491 -509.9970703125 -6.376607480561375 -6.37496337890625 80 0.13152813240998285
Structure 41: -510.170486634011 -510.0440673828125 -6.377131082925137 -6.375550842285156 80 0.12641925119851294
Structure 42: -510.0949605473 -509.945556640625 -6.37618700684125 -6.374319458007813 80 0.1494039066749906
Structure 43: -510.114349556305 -509.95684814453125 -6.376429369453812 -6.374460601806641 80 0.157501411773751
Structure 44: -510.207870584512 -510.06341552734375 -6.377598382306401 -6.375792694091797 80 0.14445505716827256
Structure 45: -510.155032496557 -510.0050354003906 -6.376937906206963 -6.375062942504883 80 0.14999709616637347
Structure 46: -510.097434772193 -509.9601745605469 -6.376217934652413 -6.374502182006836 80 0.13726021164615076
Structure 47: -510.2924336332 -510.1447448730469 -6.378655420415 -6.376809310913086 80 0.14768876015313026
Structure 48: -510.012445000397 -509.8749084472656 -6.375155562504963 -6.373436355590821 80 0.13753655313138324
Structure 49: -510.092908458984 -509.93536376953125 -6.376161355737301 -6.3741920471191404 80 0.15754468945277722
Structure 50: -510.103080285317 -509.9725036621094 -6.376288503566462 -6.374656295776367 80 0.13057662320761665
Structure 51: -509.982893379976 -509.8406066894531 -6.374786167249701 -6.373007583618164 80 0.14228669052289433
Structure 52: -509.9440749797 -509.81427001953125 -6.37430093724625 -6.37267837524414 80 0.1298049601687694
Structure 53: -509.861530863312 -509.7253112792969 -6.3732691357914 -6.371566390991211 80 0.13621958401512302
Structure 54: -509.745093897556 -509.6065979003906 -6.3718136737194495 -6.3700824737548825 80 0.13849599716536432
Structure 55: -510.103044159565 -509.94439697265625 -6.376288051994562 -6.374304962158203 80 0.1586471869087518
Structure 56: -509.916915038644 -509.7781982421875 -6.37396143798305 -6.372227478027344 80 0.13871679645649238
Structure 57: -509.950060754763 -509.8027648925781 -6.374375759434537 -6.372534561157226 80 0.14729586218487611
Structure 58: -509.700589283882 -509.5577697753906 -6.371257366048525 -6.3694721221923825 80 0.14281950849135683
Structure 59: -509.568883265871 -509.41912841796875 -6.369611040823388 -6.36773910522461 80 0.14975484790227256
Structure 60: -509.301340919883 -509.156005859375 -6.3662667614985375 -6.364450073242187 80 0.14533506050798906
Structure 61: -509.200738248248 -509.0695495605469 -6.3650092281031 -6.363369369506836 80 0.13118868770112613
Structure 62: -509.294504475765 -509.1658020019531 -6.366181305947062 -6.364572525024414 80 0.12870247381187028
Structure 63: -509.451893530189 -509.31036376953125 -6.368148669127363 -6.3663795471191404 80 0.14152976065776102
Structure 64: -509.707138747613 -509.58489990234375 -6.371339234345163 -6.369811248779297 80 0.12223884526923712
Structure 65: -509.521583438847 -509.3910827636719 -6.369019792985588 -6.367388534545898 80 0.13050067517514208
Structure 66: -509.51104670118 -509.3738708496094 -6.36888808376475 -6.367173385620117 80 0.13717585157064605
Structure 67: -509.986010571891 -509.8572692871094 -6.374825132148637 -6.373215866088867 80 0.1287412847815972
Structure 68: -509.407510370224 -509.2919921875 -6.367593879627799 -6.36614990234375 80 0.1155181827239744
Structure 69: -509.432813055941 -509.2966003417969 -6.367910163199262 -6.366207504272461 80 0.13621271414410785
Structure 70: -509.232572571356 -509.0750427246094 -6.36540715714195 -6.3634380340576175 80 0.15752984674662684
Structure 71: -509.54744374361 -509.4143371582031 -6.369343046795125 -6.367679214477539 80 0.13310658540689246
Structure 72: -508.910012383745 -508.7652893066406 -6.3613751547968125 -6.359566116333008 80 0.1447230771044019
Structure 73: -509.470520464674 -509.3294982910156 -6.368381505808425 -6.366618728637695 80 0.14102217365837078
Structure 74: -509.306256475687 -509.1719665527344 -6.366328205946088 -6.3646495819091795 80 0.13428992295263242
Structure 75: -509.095386402489 -508.9457702636719 -6.363692330031112 -6.361822128295898 80 0.1496161388171231
Structure 76: -508.515400939312 -508.404296875 -6.3564425117414 -6.3550537109375 80 0.11110406431197362
Structure 77: -509.343584772327 -509.20843505859375 -6.366794809654087 -6.365105438232422 80 0.1351497137332558
Structure 78: -509.472403643838 -509.3417663574219 -6.368405045547975 -6.366772079467774 80 0.1306372864161176
Structure 79: -509.155741160444 -509.0298767089844 -6.36444676450555 -6.362873458862305 80 0.12586445145961989
Structure 80: -508.96308433724 -508.8337707519531 -6.3620385542155 -6.360422134399414 80 0.12931358528686587
Structure 81: -508.795731297185 -508.670166015625 -6.359946641214813 -6.358377075195312 80 0.12556528156000013
Structure 82: -509.260906263571 -509.1263122558594 -6.365761328294637 -6.3640789031982425 80 0.13459400771159835
Structure 83: -508.897504810568 -508.7673034667969 -6.3612188101321 -6.359591293334961 80 0.130201343771148
Structure 84: -508.949553397037 -508.8261413574219 -6.361869417462962 -6.360326766967773 80 0.12341203961511837
Structure 85: -509.008265443372 -508.88470458984375 -6.36260331804215 -6.3610588073730465 80 0.12356085352826085
Structure 86: -508.316487119282 -508.1849060058594 -6.3539560889910245 -6.352311325073242 80 0.13158111342261236
Structure 87: -508.787155794285 -508.6676330566406 -6.359839447428563 -6.358345413208008 80 0.11952273764438814
Structure 88: -508.385842202009 -508.2556457519531 -6.3548230275251125 -6.353195571899414 80 0.13019645005584835
Structure 89: -508.694265468344 -508.5524597167969 -6.3586783183543 -6.356905746459961 80 0.1418057515471105
Structure 90: -508.637903851821 -508.5088806152344 -6.357973798147762 -6.356361007690429 80 0.12902323658664727
Structure 91: -508.520040109073 -508.3994445800781 -6.356500501363413 -6.354993057250977 80 0.12059552899489745
Structure 92: -508.812261469295 -508.6727600097656 -6.360153268366187 -6.35840950012207 80 0.139501459529356
Structure 93: -508.51508699638 -508.38568115234375 -6.3564385874547495 -6.354821014404297 80 0.1294058440362278
Structure 94: -508.690489745553 -508.5857238769531 -6.358631121819412 -6.357321548461914 80 0.10476586859988402
Structure 95: -508.414546864646 -508.28826904296875 -6.355181835808075 -6.353603363037109 80 0.1262778216772631
Structure 96: -508.273571008369 -508.1607971191406 -6.353419637604612 -6.352009963989258 80 0.11277388922837872
Structure 97: -508.491699873306 -508.3513488769531 -6.356146248416325 -6.354391860961914 80 0.14035099635287906
Structure 98: -508.29992559156 -508.185791015625 -6.3537490698945 -6.352322387695312 80 0.11413457593499743
Structure 99: -508.435428445824 -508.3078308105469 -6.3554428555728 -6.353847885131836 80 0.12759763527714085
Structure 100: -508.813952576736 -508.6873779296875 -6.3601744072092 -6.358592224121094 80 0.12657464704852828
Structure 1: -246.324127962009 -246.3562774658203 -6.158103199050225 -6.158906936645508 40 0.03214950381132553
Structure 2: -246.559167895804 -246.58551025390625 -6.1639791973951 -6.164637756347656 40 0.026342358102255048
Structure 3: -245.941693782766 -245.94815063476562 -6.14854234456915 -6.148703765869141 40 0.006456851999615765
Structure 4: -245.917097251255 -245.93402099609375 -6.147927431281375 -6.148350524902344 40 0.016923744838749144
Structure 5: -246.849476764783 -246.87042236328125 -6.171236919119575 -6.171760559082031 40 0.020945598498258278
Structure 6: -246.720907445715 -246.73641967773438 -6.168022686142875 -6.1684104919433596 40 0.01551223201937546
Structure 7: -246.666967724077 -246.6802215576172 -6.166674193101925 -6.16700553894043 40 0.013253833540176174
Structure 8: -246.812075404449 -246.8413848876953 -6.170301885111225 -6.171034622192383 40 0.029309483246322543
Structure 9: -246.42684505611 -246.44247436523438 -6.16067112640275 -6.161061859130859 40 0.015629309124364
Structure 10: -246.523241104769 -246.54327392578125 -6.163081027619225 -6.163581848144531 40 0.02003282101225068
Structure 11: -246.43541297662 -246.45425415039062 -6.1608853244155 -6.161356353759766 40 0.018841173770624664
Structure 12: -246.321356586202 -246.35995483398438 -6.15803391465505 -6.15899887084961 40 0.03859824778237453
Structure 13: -246.693003453103 -246.71774291992188 -6.167325086327574 -6.1679435729980465 40 0.024739466818886058
Structure 14: -245.979135738278 -246.0064697265625 -6.14947839345695 -6.1501617431640625 40 0.027333988284510724
Structure 15: -246.029216064142 -246.04698181152344 -6.15073040160355 -6.151174545288086 40 0.017765747381446317
Structure 16: -246.301034383159 -246.31991577148438 -6.157525859578975 -6.157997894287109 40 0.018881388325382886
Structure 17: -246.386515005857 -246.40562438964844 -6.1596628751464255 -6.160140609741211 40 0.0191093837914309
Structure 18: -246.185669765273 -246.20982360839844 -6.154641744131824 -6.155245590209961 40 0.024153843125446883
Structure 19: -245.797981361808 -245.82923889160156 -6.1449495340452005 -6.145730972290039 40 0.031257529793549566
Structure 20: -245.857646226188 -245.87600708007812 -6.1464411556547 -6.146900177001953 40 0.018360853890129647
Structure 21: -245.907739679378 -245.92616271972656 -6.14769349198445 -6.148154067993164 40 0.018423040348551467
Structure 22: -246.447915470926 -246.47323608398438 -6.1611978867731505 -6.161830902099609 40 0.02532061305836919
Structure 23: -246.194892294126 -246.2180938720703 -6.15487230735315 -6.1554523468017575 40 0.023201577944320206
Structure 24: -245.771552974147 -245.80313110351562 -6.144288824353675 -6.14507827758789 40 0.031578129368625696
Structure 25: -245.650757153198 -245.6884002685547 -6.14126892882995 -6.142210006713867 40 0.03764311535670117
Structure 26: -245.737605844379 -245.760498046875 -6.143440146109475 -6.144012451171875 40 0.02289220249599566
Structure 27: -245.452101985937 -245.48777770996094 -6.136302549648425 -6.137194442749023 40 0.03567572402394603
Structure 28: -245.708441884424 -245.73672485351562 -6.1427110471106 -6.1434181213378904 40 0.028282969091634413
Structure 29: -246.135066729263 -246.15550231933594 -6.153376668231575 -6.153887557983398 40 0.020435590072935383
Structure 30: -246.100920957133 -246.11587524414062 -6.1525230239283255 -6.152896881103516 40 0.01495428700761181
Structure 31: -246.248791383663 -246.2728729248047 -6.156219784591575 -6.156821823120117 40 0.02408154114169747
Structure 32: -246.203665868105 -246.2216339111328 -6.155091646702624 -6.155540847778321 40 0.017968043027821068
Structure 33: -246.169574627813 -246.18603515625 -6.154239365695325 -6.15465087890625 40 0.016460528436994082
Structure 34: -246.283177425374 -246.3130340576172 -6.1570794356343495 -6.15782585144043 40 0.029856632243195236
Structure 35: -245.374852056006 -245.39073181152344 -6.13437130140015 -6.134768295288086 40 0.015879755517431704
Structure 36: -244.890827435875 -244.9276123046875 -6.122270685896875 -6.123190307617188 40 0.036784868812503646
Structure 37: -245.803543908092 -245.85523986816406 -6.1450885977022995 -6.146380996704101 40 0.05169596007206678
Structure 38: -245.940479995454 -245.98904418945312 -6.148511999886351 -6.149726104736328 40 0.048564193999112604
Structure 39: -245.163904590689 -245.18673706054688 -6.1290976147672245 -6.129668426513672 40 0.022832469857888782
Structure 40: -245.706248660503 -245.73060607910156 -6.1426562165125755 -6.143265151977539 40 0.024357418598555114
Structure 41: -245.839091097383 -245.86300659179688 -6.145977277434575 -6.146575164794922 40 0.02391549441387042
Structure 42: -245.738734699135 -245.76544189453125 -6.143468367478375 -6.144136047363281 40 0.026707195396255656
Structure 43: -245.717339432607 -245.73040771484375 -6.142933485815175 -6.143260192871094 40 0.013068282236758932
Structure 44: -245.417760808845 -245.43313598632812 -6.135444020221125 -6.1358283996582035 40 0.015375177483122116
Structure 45: -245.497829056274 -245.4963836669922 -6.137445726406851 -6.137409591674805 40 0.0014453892818266922
Structure 46: -245.103249734901 -245.12939453125 -6.127581243372525 -6.12823486328125 40 0.026144796349001354
Structure 47: -244.816879523525 -244.84054565429688 -6.1204219880881245 -6.121013641357422 40 0.023666130771886174
Structure 48: -245.435963456364 -245.4703826904297 -6.1358990864091 -6.136759567260742 40 0.03441923406569458
Structure 49: -245.423797249337 -245.45004272460938 -6.135594931233426 -6.136251068115234 40 0.02624547527236132
Structure 50: -244.869305362383 -244.9047393798828 -6.121732634059574 -6.12261848449707 40 0.03543401749982422
Structure 51: -245.371703821169 -245.3789825439453 -6.134292595529225 -6.134474563598633 40 0.007278722776305813
Structure 52: -245.511243138064 -245.53213500976562 -6.1377810784516 -6.13830337524414 40 0.020891871701621767
Structure 53: -245.578875784387 -245.5862579345703 -6.139471894609676 -6.139656448364258 40 0.007382150183303793
Structure 54: -245.451068990955 -245.47183227539062 -6.136276724773875 -6.1367958068847654 40 0.020763284435616924
Structure 55: -245.663048248534 -245.67239379882812 -6.14157620621335 -6.1418098449707035 40 0.009345550294113991
Structure 56: -245.474749894034 -245.48541259765625 -6.13686874735085 -6.137135314941406 40 0.010662703622244862
Structure 57: -245.56059229217 -245.56954956054688 -6.1390148073042505 -6.139238739013672 40 0.008957268376860839
Structure 58: -245.038978842147 -245.06741333007812 -6.125974471053675 -6.126685333251953 40 0.02843448793112202
Structure 59: -244.902877267212 -244.9155731201172 -6.1225719316803 -6.1228893280029295 40 0.012695852905181937
Structure 60: -245.198620069283 -245.21661376953125 -6.129965501732075 -6.130415344238282 40 0.01799370024824043
Structure 61: -244.794995929424 -244.8242645263672 -6.1198748982356 -6.12060661315918 40 0.029268596943182956
Structure 62: -245.714670998472 -245.75088500976562 -6.1428667749618 -6.143772125244141 40 0.036214011293623116
Structure 63: -245.262803232317 -245.2908477783203 -6.131570080807925 -6.132271194458008 40 0.028044546003314963
Structure 64: -245.238617776167 -245.28341674804688 -6.130965444404175 -6.1320854187011715 40 0.04479897187988513
Structure 65: -245.300725585206 -245.31964111328125 -6.13251813963015 -6.132991027832031 40 0.018915528075240218
Structure 66: -244.640218412405 -244.6668701171875 -6.1160054603101255 -6.116671752929688 40 0.02665170478249479
Structure 67: -245.416451146824 -245.4378204345703 -6.1354112786706 -6.135945510864258 40 0.021369287746324517
Structure 68: -245.065575364233 -245.087890625 -6.126639384105825 -6.127197265625 40 0.02231526076698742
Structure 69: -244.791318800131 -244.80874633789062 -6.119782970003275 -6.120218658447266 40 0.01742753775963024
Structure 70: -244.967305016269 -244.9780731201172 -6.124182625406725 -6.12445182800293 40 0.010768103848192823
Structure 71: -244.843516010296 -244.8770294189453 -6.1210879002574 -6.121925735473633 40 0.033513408649298526
Structure 72: -245.405512424102 -245.43226623535156 -6.13513781060255 -6.135806655883789 40 0.026753811249562887
Structure 73: -245.066359524424 -245.1206817626953 -6.1266589881106 -6.1280170440673825 40 0.05432223827131111
Structure 74: -244.848209212047 -244.89639282226562 -6.121205230301175 -6.122409820556641 40 0.04818361021861506
Structure 75: -245.118499507547 -245.13670349121094 -6.127962487688675 -6.128417587280273 40 0.018203983663937606
Structure 76: -244.479265777251 -244.48736572265625 -6.111981644431275 -6.112184143066406 40 0.008099945405263043
Structure 77: -245.317654397897 -245.3308563232422 -6.132941359947425 -6.133271408081055 40 0.013201925345185828
Structure 78: -244.738731777616 -244.76974487304688 -6.1184682944404 -6.119243621826172 40 0.031013095430864723
Structure 79: -244.439250439098 -244.44650268554688 -6.11098126097745 -6.111162567138672 40 0.007252246448871347
Structure 80: -244.797715310699 -244.86070251464844 -6.119942882767475 -6.121517562866211 40 0.06298720394943302
Structure 81: -244.916418369368 -244.9754638671875 -6.1229104592342 -6.124386596679687 40 0.059045497819511183
Structure 82: -243.680296637103 -243.72950744628906 -6.092007415927575 -6.093237686157226 40 0.04921080918606435
Structure 83: -243.218025046843 -243.20111083984375 -6.080450626171075 -6.080027770996094 40 0.016914206999246062
Structure 84: -243.648468662346 -243.6837158203125 -6.09121171655865 -6.092092895507813 40 0.035247157966495024
Structure 85: -244.50347946291 -244.54029846191406 -6.11258698657275 -6.113507461547852 40 0.03681899900405483
Structure 86: -244.559735191347 -244.57447814941406 -6.1139933797836745 -6.114361953735352 40 0.014742958067074596
Structure 87: -244.790029060061 -244.8516387939453 -6.1197507265015245 -6.121290969848633 40 0.06160973388432467
Structure 88: -244.606197303676 -244.6312255859375 -6.1151549325919 -6.115780639648437 40 0.025028282261502
Structure 89: -243.874578578059 -243.9073028564453 -6.096864464451475 -6.0976825714111325 40 0.03272427838632552
Structure 90: -244.583004633932 -244.6027374267578 -6.1145751158483 -6.115068435668945 40 0.0197327928258062
Structure 91: -244.22662492682 -244.2443084716797 -6.1056656231705 -6.106107711791992 40 0.017683544859693257
Structure 92: -244.447648160951 -244.4706573486328 -6.111191204023775 -6.11176643371582 40 0.02300918768182214
Structure 93: -244.741393983504 -244.7656707763672 -6.1185348495876 -6.11914176940918 40 0.02427679286319062
Structure 94: -244.582828686036 -244.59300231933594 -6.1145707171509 -6.114825057983398 40 0.010173633299928042
Structure 95: -244.074903189281 -244.05557250976562 -6.101872579732025 -6.101389312744141 40 0.01933067951537737
Structure 96: -244.417168428292 -244.4362335205078 -6.1104292107073 -6.1109058380126955 40 0.01906509221581132
Structure 97: -244.701368310027 -244.7119140625 -6.1175342077506745 -6.1177978515625 40 0.010545752473007042
Structure 98: -244.620081862156 -244.65176391601562 -6.1155020465539005 -6.116294097900391 40 0.03168205385961187
Structure 99: -244.678888831786 -244.6946563720703 -6.11697222079465 -6.1173664093017575 40 0.015767540284315373
Structure 100: -244.485449069423 -244.52130126953125 -6.112136226735575 -6.113032531738281 40 0.035852200108251964
Structure 1: -508.260794465077 -508.1276550292969 -6.353259930813463 -6.351595687866211 80 0.13313943578015142
Structure 2: -508.951834029085 -508.81085205078125 -6.361897925363563 -6.360135650634765 80 0.14098197830372783
Structure 3: -508.405311320039 -508.27276611328125 -6.355066391500488 -6.3534095764160154 80 0.13254520675775439
Structure 4: -508.46968972373 -508.3194580078125 -6.355871121546626 -6.353993225097656 80 0.1502317159175277
Structure 5: -508.819606730191 -508.6847839355469 -6.360245084127388 -6.358559799194336 80 0.13482279464415114
Structure 6: -508.200068845294 -508.0707092285156 -6.352500860566176 -6.350883865356446 80 0.1293596167784017
Structure 7: -507.965187521611 -507.8443908691406 -6.349564844020138 -6.348054885864258 80 0.12079665247040339
Structure 8: -507.896582092581 -507.7623291015625 -6.3487072761572625 -6.347029113769532 80 0.1342529910185135
Structure 9: -508.279065002156 -508.16595458984375 -6.353488312526951 -6.352074432373047 80 0.11311041231226682
Structure 10: -508.210774031904 -508.0950012207031 -6.3526346753988 -6.351187515258789 80 0.11577281120088401
Structure 11: -507.875043265791 -507.74151611328125 -6.348438040822388 -6.346768951416015 80 0.13352715250977099
Structure 12: -507.624793809682 -507.46759033203125 -6.345309922621025 -6.343344879150391 80 0.1572034776507394
Structure 13: -507.92225135304 -507.7713317871094 -6.349028141913 -6.3471416473388675 80 0.1509195659306215
Structure 14: -507.921648031897 -507.81390380859375 -6.349020600398712 -6.347673797607422 80 0.10774422330325706
Structure 15: -507.898463527861 -507.7898254394531 -6.3487307940982625 -6.347372817993164 80 0.10863808840787215
Structure 16: -507.920830733408 -507.83148193359375 -6.349010384167601 -6.347893524169922 80 0.08934879981427457
Structure 17: -507.454337335228 -507.3339538574219 -6.34317921669035 -6.341674423217773 80 0.12038347780611502
Structure 18: -507.803772938641 -507.6890869140625 -6.347547161733012 -6.346113586425782 80 0.1146860245784751
Structure 19: -507.591167524064 -507.47430419921875 -6.3448895940508 -6.3434288024902346 80 0.11686332484526929
Structure 20: -507.021163789384 -506.8851013183594 -6.3377645473673 -6.3360637664794925 80 0.13606247102461566
Structure 21: -507.884777706728 -507.74432373046875 -6.3485597213341 -6.34680404663086 80 0.14045397625926626
Structure 22: -508.355963553789 -508.2233581542969 -6.354449544422363 -6.352791976928711 80 0.13260539949214944
Structure 23: -507.730858238086 -507.6424865722656 -6.346635727976075 -6.34553108215332 80 0.08837166582037526
Structure 24: -507.874237148393 -507.7673034667969 -6.348427964354912 -6.347091293334961 80 0.10693368159610372
Structure 25: -508.009804053148 -507.909912109375 -6.35012255066435 -6.348873901367187 80 0.09989194377300237
Structure 26: -507.832009077647 -507.6901550292969 -6.347900113470588 -6.346126937866211 80 0.14185404835012605
Structure 27: -507.235567071617 -507.0981140136719 -6.340444588395213 -6.338726425170899 80 0.1374530579451516
Structure 28: -507.283004062221 -507.15411376953125 -6.341037550777762 -6.339426422119141 80 0.12889029268973218
Structure 29: -507.194537831216 -507.0984191894531 -6.3399317228902 -6.338730239868164 80 0.096118641762871
Structure 30: -507.564891081653 -507.43780517578125 -6.344561138520662 -6.3429725646972654 80 0.12708590587175195
Structure 31: -507.288047079983 -507.1669921875 -6.3411005884997875 -6.33958740234375 80 0.12105489248301637
Structure 32: -506.866176017473 -506.733642578125 -6.335827200218413 -6.334170532226563 80 0.13253343934798067
Structure 33: -507.242460838144 -507.16717529296875 -6.3405307604768 -6.339589691162109 80 0.07528554517523389
Structure 34: -506.976867169302 -506.85235595703125 -6.337210839616275 -6.335654449462891 80 0.12451121227076101
Structure 35: -507.342425819985 -507.22674560546875 -6.341780322749813 -6.34033432006836 80 0.1156802145162601
Structure 36: -507.659192487619 -507.5428161621094 -6.345739906095238 -6.344285202026367 80 0.11637632550963417
Structure 37: -507.673649881519 -507.5569152832031 -6.345920623518987 -6.344461441040039 80 0.11673459831587252
Structure 38: -507.55448355338 -507.432373046875 -6.3444310444172505 -6.342904663085937 80 0.12211050650500965
Structure 39: -507.375622321655 -507.22930908203125 -6.342195279020688 -6.340366363525391 80 0.146313239623737
Structure 40: -506.345529321756 -506.2070617675781 -6.329319116521949 -6.327588272094727 80 0.13846755417785062
Structure 41: -507.095246330078 -506.956298828125 -6.338690579125975 -6.336953735351562 80 0.1389475019529982
Structure 42: -506.071509358957 -505.95660400390625 -6.325893866986962 -6.3244575500488285 80 0.1149053550507233
Structure 43: -506.479628836485 -506.3736572265625 -6.330995360456063 -6.329670715332031 80 0.10597160992250565
Structure 44: -505.973264458538 -505.83062744140625 -6.324665805731724 -6.322882843017578 80 0.14263701713173305
Structure 45: -507.026755730116 -506.89410400390625 -6.3378344466264505 -6.3361763000488285 80 0.13265172620975818
Structure 46: -507.348552882162 -507.2382507324219 -6.341856911027024 -6.340478134155274 80 0.11030214974010732
Structure 47: -506.589890591884 -506.48260498046875 -6.33237363239855 -6.331032562255859 80 0.10728561141525006
Structure 48: -506.126240753681 -506.0606689453125 -6.326578009421012 -6.325758361816407 80 0.06557180836847465
Structure 49: -506.083033194125 -506.00152587890625 -6.326037914926562 -6.325019073486328 80 0.08150731521874377
Structure 50: -505.835283017965 -505.7261962890625 -6.322941037724563 -6.321577453613282 80 0.10908672890252546
Structure 51: -506.549444759723 -506.43963623046875 -6.3318680594965375 -6.330495452880859 80 0.10980852925422369
Structure 52: -506.69494400678 -506.5723876953125 -6.333686800084751 -6.332154846191406 80 0.12255631146751966
Structure 53: -506.777715006181 -506.6515197753906 -6.3347214375772625 -6.333143997192383 80 0.12619523079035844
Structure 54: -507.129642691274 -507.001708984375 -6.339120533640925 -6.337521362304687 80 0.1279337068990003
Structure 55: -506.113819931263 -505.9653015136719 -6.326422749140788 -6.324566268920899 80 0.14851841759110584
Structure 56: -505.620071099009 -505.4953308105469 -6.320250888737613 -6.318691635131836 80 0.12474028846213514
Structure 57: -505.643818286619 -505.5133972167969 -6.320547728582738 -6.318917465209961 80 0.13042106982214818
Structure 58: -505.633321872472 -505.4801025390625 -6.3204165234059 -6.318501281738281 80 0.15321933340948135
Structure 59: -504.525330430257 -504.41314697265625 -6.306566630378212 -6.305164337158203 80 0.11218345760073589
Structure 60: -505.283836131515 -505.1693115234375 -6.316047951643937 -6.314616394042969 80 0.11452460807748821
Structure 61: -504.751104376679 -504.63104248046875 -6.309388804708488 -6.307888031005859 80 0.12006189621024532
Structure 62: -505.01554233348 -504.9302062988281 -6.3126942791685 -6.311627578735352 80 0.08533603465190254
Structure 63: -505.650049221604 -505.5289001464844 -6.32062561527005 -6.319111251831055 80 0.12114907511960382
Structure 64: -505.618415053101 -505.496337890625 -6.320230188163762 -6.318704223632812 80 0.1220771624759891
Structure 65: -505.567538635045 -505.4595947265625 -6.319594232938063 -6.318244934082031 80 0.10794390848252533
Structure 66: -505.856581847318 -505.7448425292969 -6.323207273091475 -6.321810531616211 80 0.11173931802113657
Structure 67: -506.039382911047 -505.9248352050781 -6.325492286388088 -6.324060440063477 80 0.11454770596890285
Structure 68: -505.743364261856 -505.65203857421875 -6.3217920532732 -6.320650482177735 80 0.09132568763726567
Structure 69: -505.577085516419 -505.46771240234375 -6.319713568955238 -6.318346405029297 80 0.10937311407525385
Structure 70: -505.22327181571 -505.132568359375 -6.315290897696375 -6.314157104492187 80 0.09070345633500665
Structure 71: -504.713803936713 -504.5998840332031 -6.308922549208913 -6.307498550415039 80 0.11391990350989545
Structure 72: -504.744976889458 -504.6248474121094 -6.3093122111182245 -6.307810592651367 80 0.12012947734859836
Structure 73: -505.229085568295 -505.12774658203125 -6.315363569603687 -6.314096832275391 80 0.10133898626372684
Structure 74: -504.711606070414 -504.6043701171875 -6.308895075880175 -6.307554626464844 80 0.10723595322650681
Structure 75: -505.156262084823 -505.0722961425781 -6.314453276060288 -6.313403701782226 80 0.08396594224490173
Structure 76: -505.148831998944 -505.0287170410156 -6.3143603999868 -6.312858963012696 80 0.12011495792836513
Structure 77: -506.505998016604 -506.37799072265625 -6.33132497520755 -6.329724884033203 80 0.12800729394774635
Structure 78: -504.29445575353 -504.243896484375 -6.303680696919125 -6.303048706054687 80 0.05055926915497366
Structure 79: -503.598037570959 -503.5260009765625 -6.294975469636987 -6.294075012207031 80 0.07203659439647936
Structure 80: -504.892887550937 -504.7996826171875 -6.311161094386713 -6.309996032714844 80 0.09320493374951866
Structure 81: -504.614212840297 -504.5466613769531 -6.307677660503712 -6.306833267211914 80 0.06755146334387518
Structure 82: -504.665954839453 -504.549560546875 -6.308324435493162 -6.3068695068359375 80 0.11639429257797929
Structure 83: -505.201830822712 -505.09857177734375 -6.3150228852839 -6.313732147216797 80 0.10325904536824737
Structure 84: -504.868648734468 -504.76153564453125 -6.310858109180851 -6.309519195556641 80 0.10711308993677449
Structure 85: -504.22228041233 -504.1533203125 -6.302778505154125 -6.30191650390625 80 0.06896009983000795
Structure 86: -504.969195914033 -504.86639404296875 -6.312114948925412 -6.310829925537109 80 0.10280187106423
Structure 87: -504.901843433407 -504.7521667480469 -6.311273042917588 -6.309402084350586 80 0.14967668536013434
Structure 88: -504.787505234923 -504.6876220703125 -6.309843815436538 -6.308595275878906 80 0.09988316461050317
Structure 89: -504.263349157453 -504.1678161621094 -6.303291864468163 -6.3020977020263675 80 0.09553299534360349
Structure 90: -504.820047283119 -504.7461853027344 -6.3102505910389874 -6.30932731628418 80 0.07386198038460634
Structure 91: -503.840298804895 -503.774169921875 -6.2980037350611875 -6.297177124023437 80 0.0661288830199851
Structure 92: -503.674353210652 -503.5473937988281 -6.29592941513315 -6.294342422485352 80 0.1269594118238615
Structure 93: -504.003477272618 -503.8643798828125 -6.300043465907725 -6.298304748535156 80 0.13909738980549946
Structure 94: -504.122226859672 -503.98187255859375 -6.3015278357459 -6.299773406982422 80 0.1403543010782755
Structure 95: -503.713872436139 -503.6231994628906 -6.296423405451738 -6.295289993286133 80 0.09067297324838819
Structure 96: -503.116671217089 -503.022216796875 -6.288958390213613 -6.287777709960937 80 0.09445442021399231
Structure 97: -504.130077013102 -504.0917053222656 -6.301625962663775 -6.30114631652832 80 0.03837169083635672
Structure 98: -503.941940818076 -503.8866271972656 -6.29927426022595 -6.29858283996582 80 0.055313620810352404
Structure 99: -503.680931751242 -503.5892333984375 -6.296011646890525 -6.294865417480469 80 0.09169835280448524
Structure 100: -503.096584900319 -503.01556396484375 -6.2887073112539875 -6.2876945495605465 80 0.08102093547523737
Structure 1: -503.875996922619 -503.7982177734375 -6.298449961532738 -6.297477722167969 80 0.07777914918148099
Structure 2: -502.488734796898 -502.4143371582031 -6.281109184961225 -6.280179214477539 80 0.0743976386948475
Structure 3: -502.579643358476 -502.55023193359375 -6.28224554198095 -6.281877899169922 80 0.029411424882255233
Structure 4: -502.919412477535 -502.86944580078125 -6.286492655969187 -6.285868072509766 80 0.04996667675374056
Structure 5: -503.130710924797 -503.0419616699219 -6.289133886559962 -6.288024520874023 80 0.088749254875097
Structure 6: -502.158135435075 -502.033935546875 -6.276976692938438 -6.275424194335938 80 0.12419988819999617
Structure 7: -501.915321873512 -501.8666076660156 -6.2739415234189 -6.273332595825195 80 0.04871420749640265
Structure 8: -503.388392810695 -503.2987365722656 -6.292354910133687 -6.2912342071533205 80 0.0896562384293702
Structure 9: -503.092006667859 -502.9920654296875 -6.288650083348237 -6.287400817871093 80 0.09994123817148193
Structure 10: -503.454858001383 -503.3570556640625 -6.293185725017287 -6.291963195800781 80 0.09780233732050192
Structure 11: -502.935210637166 -502.8614196777344 -6.286690132964575 -6.28576774597168 80 0.07379095943161929
Structure 12: -503.1476665755 -503.1026916503906 -6.28934583219375 -6.2887836456298825 80 0.04497492510938628
Structure 13: -503.027173307462 -502.97430419921875 -6.287839666343276 -6.287178802490234 80 0.05286910824327151
Structure 14: -502.909435908899 -502.79168701171875 -6.286367948861238 -6.2848960876464846 80 0.11774889718026316
Structure 15: -503.518251671157 -503.4228820800781 -6.293978145889462 -6.292786026000977 80 0.09536959107884968
Structure 16: -503.223936613715 -503.1434326171875 -6.2902992076714375 -6.289292907714843 80 0.08050399652751139
Structure 17: -502.851719244594 -502.7643127441406 -6.285646490557425 -6.284553909301758 80 0.08740650045336906
Structure 18: -502.405655728762 -502.27557373046875 -6.280070696609525 -6.27844467163086 80 0.1300819982932353
Structure 19: -501.608509803806 -501.4743347167969 -6.270106372547575 -6.268429183959961 80 0.13417508700911185
Structure 20: -503.067733177271 -502.9836120605469 -6.288346664715887 -6.287295150756836 80 0.08412111672413403
Structure 21: -502.46136361461 -502.3813781738281 -6.280767045182625 -6.279767227172852 80 0.07998544078185432
Structure 22: -501.919468072611 -501.7447509765625 -6.273993350907637 -6.271809387207031 80 0.1747170960484823
Structure 23: -501.386156913028 -501.3119201660156 -6.26732696141285 -6.266399002075195 80 0.07423674701237815
Structure 24: -502.274880021138 -502.1558532714844 -6.278436000264225 -6.276948165893555 80 0.11902674965364213
Structure 25: -501.188112163105 -501.1116943359375 -6.264851402038813 -6.263896179199219 80 0.07641782716751777
Structure 26: -501.376568255513 -501.25811767578125 -6.267207103193913 -6.265726470947266 80 0.11845057973175699
Structure 27: -501.04922873692 -500.97100830078125 -6.2631153592115 -6.262137603759766 80 0.07822043613873575
Structure 28: -500.964191921827 -500.9544677734375 -6.262052399022838 -6.261930847167969 80 0.00972414838952318
Structure 29: -501.693168764959 -501.7237243652344 -6.271164609561987 -6.27154655456543 80 0.030555600275363304
Structure 30: -500.785608769449 -500.6562194824219 -6.259820109618113 -6.258202743530274 80 0.12938928702715202
Structure 31: -501.230848072861 -501.2164001464844 -6.265385600910763 -6.265205001831054 80 0.014447926376647047
Structure 32: -501.569127719478 -501.47906494140625 -6.269614096493475 -6.2684883117675785 80 0.09006277807174001
Structure 33: -502.175105604238 -502.10467529296875 -6.2771888200529755 -6.27630844116211 80 0.0704303112692628
Structure 34: -501.005680474365 -500.9136962890625 -6.262571005929563 -6.261421203613281 80 0.09198418530252184
Structure 35: -502.004630160725 -501.91888427734375 -6.275057877009063 -6.273986053466797 80 0.08574588338126432
Structure 36: -501.74495495496 -501.6311340332031 -6.2718119369370005 -6.270389175415039 80 0.11382092175688285
Structure 37: -502.195128246465 -502.1109619140625 -6.2774391030808125 -6.276387023925781 80 0.08416633240250349
Structure 38: -499.67895361768 -499.6051025390625 -6.245986920221 -6.245063781738281 80 0.07385107861750839
Structure 39: -500.482345720695 -500.3865966796875 -6.256029321508687 -6.254832458496094 80 0.09574904100747972
Structure 40: -502.029425421733 -501.8829650878906 -6.275367817771662 -6.273537063598633 80 0.1464603338423558
Structure 41: -502.170570111586 -502.0248718261719 -6.277132126394825 -6.275310897827149 80 0.14569828541414154
Structure 42: -502.744393027824 -502.63604736328125 -6.2843049128478 -6.282950592041016 80 0.10834566454275318
Structure 43: -501.006597822019 -500.93975830078125 -6.262582472775238 -6.261746978759765 80 0.06683952123773906
Structure 44: -501.119680699561 -501.0383605957031 -6.263996008744512 -6.262979507446289 80 0.0813201038578768
Structure 45: -501.218333634286 -501.0889587402344 -6.265229170428575 -6.26361198425293 80 0.1293748940516366
Structure 46: -501.257834754557 -501.2063293457031 -6.265722934431962 -6.265079116821289 80 0.05150540885387045
Structure 47: -498.767019756193 -498.7288818359375 -6.234587746952412 -6.234111022949219 80 0.038137920255508106
Structure 48: -499.962391796525 -499.81500244140625 -6.249529897456563 -6.247687530517578 80 0.1473893551187757
Structure 49: -499.920037058673 -499.7697448730469 -6.249000463233413 -6.247121810913086 80 0.15029218562614233
Structure 50: -499.551848026971 -499.5353698730469 -6.244398100337138 -6.244192123413086 80 0.016478153924140315
Structure 51: -499.825106846616 -499.6991271972656 -6.2478138355827 -6.246239089965821 80 0.12597964935036998
Structure 52: -500.072296442191 -499.9994201660156 -6.250903705527387 -6.249992752075196 80 0.07287627617535009
Structure 53: -500.485266667572 -500.4386901855469 -6.25606583334465 -6.255483627319336 80 0.04657648202510245
Structure 54: -499.033322124713 -498.9222412109375 -6.237916526558912 -6.236528015136718 80 0.11108091377548135
Structure 55: -500.917628094547 -500.8130187988281 -6.2614703511818375 -6.260162734985352 80 0.10460929571888755
Structure 56: -499.89618930591 -499.8243408203125 -6.248702366323875 -6.247804260253906 80 0.07184848559751345
Structure 57: -499.821735571135 -499.6805114746094 -6.247771694639187 -6.2460063934326175 80 0.14122409652560464
Structure 58: -499.551649861834 -499.4740295410156 -6.244395623272925 -6.243425369262695 80 0.07762032081836878
Structure 59: -498.804954059247 -498.6864318847656 -6.235061925740587 -6.23358039855957 80 0.11852217448137026
Structure 60: -500.526034098777 -500.40179443359375 -6.256575426234713 -6.255022430419922 80 0.12423966518326779
Structure 61: -500.74766641645 -500.70550537109375 -6.259345830205625 -6.258818817138672 80 0.04216104535623799
Structure 62: -499.34555782787 -499.27728271484375 -6.241819472848375 -6.240966033935547 80 0.06827511302623179
Structure 63: -498.54011416799 -498.51409912109375 -6.231751427099875 -6.231426239013672 80 0.026015046896247895
Structure 64: -498.080765550651 -497.984619140625 -6.226009569383137 -6.2248077392578125 80 0.09614641002599456
Structure 65: -499.097991822113 -499.0242004394531 -6.238724897776413 -6.237802505493164 80 0.07379138265986285
Structure 66: -499.873684632352 -499.81903076171875 -6.2484210579044 -6.247737884521484 80 0.05465387063327398
Structure 67: -500.085456172001 -499.9399108886719 -6.251068202150012 -6.249248886108399 80 0.14554528332911332
Structure 68: -499.500772645497 -499.4075012207031 -6.243759658068713 -6.242593765258789 80 0.0932714247938975
Structure 69: -499.451858655193 -499.3426818847656 -6.243148233189912 -6.241783523559571 80 0.10917677042738205
Structure 70: -498.686958573755 -498.5221252441406 -6.233586982171937 -6.231526565551758 80 0.164833329614396
Structure 71: -498.311357422015 -498.2545166015625 -6.228891967775188 -6.228181457519531 80 0.05684082045252126
Structure 72: -499.354279681553 -499.26080322265625 -6.241928496019413 -6.240760040283203 80 0.0934764588967596
Structure 73: -499.806580510063 -499.71978759765625 -6.247582256375788 -6.246497344970703 80 0.08679291240673592
Structure 74: -498.498538238971 -498.326171875 -6.231231727987137 -6.2290771484375 80 0.17236636397097982
Structure 75: -497.676838550684 -497.6070251464844 -6.22096048188355 -6.2200878143310545 80 0.06981340419963544
Structure 76: -499.38793700554 -499.2962951660156 -6.24234921256925 -6.241203689575196 80 0.09164183952435678
Structure 77: -498.008168014203 -497.8160400390625 -6.225102100177538 -6.222700500488282 80 0.19212797514052227
Structure 78: -498.701797048441 -498.6949157714844 -6.233772463105512 -6.233686447143555 80 0.006881276956619331
Structure 79: -499.638046328993 -499.5140380859375 -6.245475579112413 -6.243925476074219 80 0.1240082430555276
Structure 80: -498.735489207349 -498.6777038574219 -6.234193615091863 -6.233471298217774 80 0.057785349927144125
Structure 81: -495.945129326199 -495.81915283203125 -6.199314116577487 -6.1977394104003904 80 0.12597649416773038
Structure 82: -498.10450960129 -498.043701171875 -6.2263063700161245 -6.225546264648438 80 0.06080842941497622
Structure 83: -496.690291243642 -496.5710144042969 -6.208628640545525 -6.207137680053711 80 0.11927683934510469
Structure 84: -496.555407038049 -496.44635009765625 -6.206942587975613 -6.205579376220703 80 0.10905694039274749
Structure 85: -497.836726234262 -497.80560302734375 -6.222959077928275 -6.2225700378417965 80 0.031123206918266533
Structure 86: -500.123746127658 -500.10467529296875 -6.2515468265957255 -6.251308441162109 80 0.019070834689273397
Structure 87: -498.656317317425 -498.5157470703125 -6.233203966467813 -6.231446838378906 80 0.14057024711252097
Structure 88: -498.639981992605 -498.4977111816406 -6.2329997749075625 -6.231221389770508 80 0.14227081096436223
Structure 89: -498.826052237491 -498.7109069824219 -6.235325652968638 -6.233886337280273 80 0.11514525506913742
Structure 90: -497.496684186699 -497.32989501953125 -6.218708552333737 -6.216623687744141 80 0.16678916716773529
Structure 91: -497.873843561167 -497.6543884277344 -6.223423044514588 -6.220679855346679 80 0.219455133432632
Structure 92: -499.676183511081 -499.5548400878906 -6.245952293888513 -6.244435501098633 80 0.1213434231903534
Structure 93: -498.862989319143 -498.81048583984375 -6.235787366489288 -6.235131072998047 80 0.05250347929927557
Structure 94: -497.813409206399 -497.8250732421875 -6.222667615079987 -6.222813415527344 80 0.01166403578849895
Structure 95: -498.62251174176 -498.4477844238281 -6.232781396771999 -6.230597305297851 80 0.17472731793185403
Structure 96: -497.686431371349 -497.6209716796875 -6.221080392141863 -6.220262145996093 80 0.0654596916614878
Structure 97: -498.903513016787 -498.7953186035156 -6.236293912709837 -6.234941482543945 80 0.10819441327134882
Structure 98: -498.997317795809 -498.7599182128906 -6.237466472447613 -6.234498977661133 80 0.23739958291838548
Structure 99: -496.577148024011 -496.46112060546875 -6.207214350300138 -6.2057640075683596 80 0.11602741854227361
Structure 100: -497.967262008533 -497.9050598144531 -6.2245907751066625 -6.223813247680664 80 0.06220219407987315
Structure 1: -497.731463663669 -497.6631774902344 -6.221643295795863 -6.2207897186279295 80 0.06828617343461474
Structure 2: -497.680896844402 -497.58380126953125 -6.221011210555025 -6.219797515869141 80 0.09709557487076381
Structure 3: -496.631529538416 -496.6239013671875 -6.2078941192301995 -6.207798767089844 80 0.007628171228475367
Structure 4: -496.398775304933 -496.40594482421875 -6.204984691311663 -6.205074310302734 80 0.0071695192857532675
Structure 5: -495.588997432358 -495.4349365234375 -6.194862467904475 -6.192936706542969 80 0.15406090892048496
Structure 6: -496.861510569299 -496.83551025390625 -6.210768882116238 -6.2104438781738285 80 0.02600031539276415
Structure 7: -496.722100578561 -496.6913146972656 -6.209026257232013 -6.208641433715821 80 0.03078588129540094
Structure 8: -497.456795668408 -497.3234558105469 -6.2182099458551 -6.216543197631836 80 0.1333398578611309
Structure 9: -497.753166134462 -497.6998291015625 -6.221914576680775 -6.221247863769531 80 0.05333703289949199
Structure 10: -498.237675741853 -498.1206970214844 -6.227970946773163 -6.226508712768554 80 0.11697872036864965
Structure 11: -498.195840109373 -498.0831298828125 -6.227448001367163 -6.226039123535156 80 0.1127102265605231
Structure 12: -497.229664859158 -497.2314453125 -6.215370810739475 -6.21539306640625 80 0.001780453342007604
Structure 13: -496.004935899709 -495.8865966796875 -6.200061698746362 -6.198582458496094 80 0.11833922002148256
Structure 14: -495.548393875706 -495.5038757324219 -6.194354923446324 -6.193798446655274 80 0.04451814328410819
Structure 15: -495.176322212534 -495.0570983886719 -6.189704027656675 -6.188213729858399 80 0.11922382386211439
Structure 16: -494.609996528041 -494.5561218261719 -6.182624956600512 -6.181951522827148 80 0.05387470186911969
Structure 17: -496.788972317358 -496.7879638671875 -6.209862153966975 -6.209849548339844 80 0.0010084501705023285
Structure 18: -496.850098060964 -496.84979248046875 -6.21062622576205 -6.210622406005859 80 0.00030558049525097886
Structure 19: -497.990607403874 -497.9256591796875 -6.224882592548425 -6.224070739746094 80 0.06494822418648027
Structure 20: -496.47107115413 -496.3684997558594 -6.205888389426625 -6.204606246948242 80 0.10257139827064066
Structure 21: -197.242846323377 -197.31288146972656 -6.574761544112566 -6.577096048990885 30 0.07003514634956787
Structure 22: -197.242566249788 -197.31251525878906 -6.5747522083262675 -6.577083841959635 30 0.06994900900104994
Structure 23: -197.242627287862 -197.31240844726562 -6.574754242928734 -6.577080281575521 30 0.06978115940361818
Structure 24: -197.243941747325 -197.31353759765625 -6.574798058244167 -6.577117919921875 30 0.06959585033123972
Structure 25: -197.247886383244 -197.3155975341797 -6.574929546108134 -6.577186584472656 30 0.06771115093567914
Structure 26: -197.238202641456 -197.2980499267578 -6.574606754715201 -6.576601664225261 30 0.0598472853017995
Structure 27: -197.244279199131 -197.30709838867188 -6.5748093066377 -6.576903279622396 30 0.06281918954087473
Structure 28: -197.237512273587 -197.30517578125 -6.5745837424529 -6.576839192708333 30 0.06766350766301343
Structure 29: -197.238289310466 -197.30581665039062 -6.5746096436822 -6.576860555013021 30 0.06752733992462367
Structure 30: -197.224381319294 -197.28463745117188 -6.574146043976467 -6.576154581705729 30 0.06025613187787826
Structure 31: -197.229673096474 -197.29248046875 -6.574322436549133 -6.576416015625 30 0.06280737227601207
Structure 32: -197.213012793083 -197.27989196777344 -6.573767093102767 -6.575996398925781 30 0.06687917469042759
Structure 33: -197.208279864142 -197.27261352539062 -6.573609328804734 -6.575753784179687 30 0.06433366124861095
Structure 34: -197.211487107768 -197.27911376953125 -6.5737162369256 -6.575970458984375 30 0.06762666176325638
Structure 35: -197.211824035519 -197.2767333984375 -6.573727467850633 -6.57589111328125 30 0.06490936291851312
Structure 36: -197.210554518577 -197.27476501464844 -6.573685150619233 -6.575825500488281 30 0.06421049607143914
Structure 37: -197.205192944628 -197.26736450195312 -6.5735064314876 -6.575578816731771 30 0.062171557325115145
Structure 38: -197.194203589763 -197.26039123535156 -6.573140119658766 -6.575346374511719 30 0.06618764558857038
Structure 39: -197.174731907839 -197.24130249023438 -6.572491063594634 -6.574710083007813 30 0.0665705823953715
Structure 40: -197.187454426912 -197.24867248535156 -6.572915147563734 -6.574955749511719 30 0.061218058439550305
Structure 41: -197.180068648679 -197.2418670654297 -6.572668954955967 -6.57472890218099 30 0.06179841675069042
Structure 42: -197.165555600986 -197.22943115234375 -6.572185186699533 -6.574314371744792 30 0.06387555135773937
Structure 43: -197.14544786749 -197.20973205566406 -6.571514928916333 -6.573657735188802 30 0.06428418817407078
Structure 44: -197.136529024512 -197.19998168945312 -6.5712176341504 -6.573332722981771 30 0.06345266494113844
Structure 45: -197.145815339245 -197.208251953125 -6.571527177974833 -6.5736083984375 30 0.06243661388000987
Structure 46: -197.121989195184 -197.18128967285156 -6.5707329731728 -6.572709655761718 30 0.059300477667562745
Structure 47: -197.112155915078 -197.16859436035156 -6.570405197169267 -6.572286478678385 30 0.05643844527355668
Structure 48: -197.11125756289 -197.1704864501953 -6.5703752520963326 -6.572349548339844 30 0.0592288873053235
Structure 49: -197.117173104118 -197.17474365234375 -6.570572436803933 -6.572491455078125 30 0.05757054822575469
Structure 50: -197.10825454774 -197.1699981689453 -6.570275151591333 -6.572333272298177 30 0.06174362120532351
Structure 51: -197.110395859909 -197.1687774658203 -6.570346528663634 -6.57229258219401 30 0.05838160591130759
Structure 52: -197.074383663235 -197.13218688964844 -6.569146122107834 -6.571072896321614 30 0.0578032264134265
Structure 53: -197.066986812377 -197.12347412109375 -6.568899560412566 -6.570782470703125 30 0.056487308716754114
Structure 54: -197.051657461107 -197.10487365722656 -6.5683885820369 -6.570162455240886 30 0.053216196119564074
Structure 55: -197.100849398666 -197.15731811523438 -6.5700283132888675 -6.571910603841146 30 0.05646871656836083
Structure 56: -197.021486483598 -197.08456420898438 -6.5673828827866005 -6.569485473632812 30 0.06307772538636414
Structure 57: -197.029959567837 -197.0932159423828 -6.5676653189279 -6.569773864746094 30 0.06325637454580146
Structure 58: -197.006665451961 -197.0756378173828 -6.5668888483987 -6.569187927246094 30 0.06897236542181417
Structure 59: -197.006450219171 -197.0697021484375 -6.566881673972366 -6.568990071614583 30 0.06325192926649947
Structure 60: -197.036756356858 -197.0947723388672 -6.567891878561934 -6.569825744628906 30 0.05801598200918079
Structure 61: -196.980246168441 -197.0441131591797 -6.5660082056146996 -6.56813710530599 30 0.0638669907386884
Structure 62: -196.973195197017 -197.03125 -6.565773173233899 -6.567708333333333 30 0.05805480298300836
Structure 63: -196.98306087259 -197.03924560546875 -6.566102029086333 -6.567974853515625 30 0.056184732878762134
Structure 64: -196.957245771151 -197.0214385986328 -6.565241525705034 -6.567381286621094 30 0.06419282748180422
Structure 65: -196.972631358578 -197.0393829345703 -6.565754378619267 -6.567979431152343 30 0.0667515759922992
Structure 66: -196.96461631612 -197.02044677734375 -6.5654872105373325 -6.567348225911458 30 0.05583046122376345
Structure 67: -196.927796234744 -196.99014282226562 -6.564259874491467 -6.566338094075521 30 0.062346587521631136
Structure 68: -196.924669409869 -196.98802185058594 -6.5641556469956335 -6.566267395019532 30 0.06335244071692614
Structure 69: -196.91047226105 -196.96949768066406 -6.563682408701666 -6.565649922688802 30 0.05902541961407337
Structure 70: -196.929380477384 -196.99331665039062 -6.564312682579467 -6.566443888346354 30 0.06393617300662413
Structure 71: -196.923388883399 -196.98355102539062 -6.5641129627799675 -6.566118367513021 30 0.060162141991611406
Structure 72: -196.883919291304 -196.9455108642578 -6.562797309710134 -6.564850362141927 30 0.06159157295380169
Structure 73: -196.826909505369 -196.88775634765625 -6.5608969835123 -6.562925211588541 30 0.06084684228724768
Structure 74: -196.864365685364 -196.9239044189453 -6.562145522845467 -6.564130147298177 30 0.05953873358132
Structure 75: -196.931440732162 -196.9902801513672 -6.564381357738734 -6.566342671712239 30 0.058839419205185095
Structure 76: -196.923839529529 -196.98199462890625 -6.564127984317634 -6.566066487630208 30 0.05815509937724528
Structure 77: -196.846674943245 -196.90524291992188 -6.5615558314415 -6.563508097330729 30 0.05856797667686919
Structure 78: -196.834121217918 -196.8936767578125 -6.561137373930601 -6.56312255859375 30 0.059555539894489584
Structure 79: -196.905303650321 -196.9657745361328 -6.563510121677367 -6.565525817871094 30 0.06047088581181015
Structure 80: -196.917224327357 -196.97848510742188 -6.563907477578566 -6.565949503580729 30 0.06126078006488456
Structure 81: -196.884688217302 -196.94549560546875 -6.5628229405767335 -6.564849853515625 30 0.0608073881667508
Structure 82: -196.879917191465 -196.94073486328125 -6.562663906382167 -6.564691162109375 30 0.06081767181623832
Structure 83: -196.821360662445 -196.8827362060547 -6.5607120220815 -6.562757873535157 30 0.061375543609699434
Structure 84: -196.764701875145 -196.822998046875 -6.558823395838166 -6.5607666015625 30 0.05829617173000656
Structure 85: -196.711463610667 -196.7611083984375 -6.557048787022234 -6.55870361328125 30 0.04964478777048953
Structure 86: -196.851932740719 -196.89967346191406 -6.5617310913573 -6.563322448730469 30 0.0477407211950549
Structure 87: -196.890750665796 -196.94769287109375 -6.5630250221932 -6.564923095703125 30 0.05694220529775862
Structure 88: -196.830934407713 -196.88916015625 -6.561031146923766 -6.562972005208334 30 0.05822574853701212
Structure 89: -196.776326809664 -196.8378448486328 -6.559210893655466 -6.561261494954427 30 0.06151803896881347
Structure 90: -196.760574441592 -196.8248291015625 -6.558685814719734 -6.56082763671875 30 0.06425465997048718
Structure 91: -196.850783372145 -196.9049072265625 -6.5616927790715005 -6.563496907552083 30 0.05412385441749734
Structure 92: -196.650695586741 -196.701904296875 -6.5550231862247 -6.556730143229166 30 0.05120871013400574
Structure 93: -196.754729640623 -196.80690002441406 -6.5584909880207665 -6.560230000813802 30 0.05217038379106498
Structure 94: -196.585497664655 -196.6484375 -6.552849922155167 -6.554947916666666 30 0.06293983534499148
Structure 95: -196.66420774268 -196.71710205078125 -6.5554735914226665 -6.557236735026041 30 0.0528943081012585
Structure 96: -196.635882013928 -196.69583129882812 -6.554529400464267 -6.556527709960937 30 0.05994928490011375
Structure 97: -196.733415792267 -196.79737854003906 -6.557780526408901 -6.559912618001302 30 0.06396274777205235
Structure 98: -196.515300218776 -196.5696563720703 -6.550510007292533 -6.5523218790690105 30 0.05435615329432153
Structure 99: -196.653616530781 -196.7078857421875 -6.555120551026033 -6.556929524739584 30 0.0542692114065062
Structure 100: -196.696225289154 -196.74502563476562 -6.5565408429718 -6.558167521158854 30 0.04880034561162461
Structure 1: -497.731463663669 -497.6631774902344 -6.221643295795863 -6.2207897186279295 80 0.06828617343461474
Structure 2: -497.680896844402 -497.58380126953125 -6.221011210555025 -6.219797515869141 80 0.09709557487076381
Structure 3: -496.631529538416 -496.6239013671875 -6.2078941192301995 -6.207798767089844 80 0.007628171228475367
Structure 4: -496.398775304933 -496.40594482421875 -6.204984691311663 -6.205074310302734 80 0.0071695192857532675
Structure 5: -495.588997432358 -495.4349365234375 -6.194862467904475 -6.192936706542969 80 0.15406090892048496
Structure 6: -496.861510569299 -496.83551025390625 -6.210768882116238 -6.2104438781738285 80 0.02600031539276415
Structure 7: -496.722100578561 -496.6913146972656 -6.209026257232013 -6.208641433715821 80 0.03078588129540094
Structure 8: -497.456795668408 -497.3234558105469 -6.2182099458551 -6.216543197631836 80 0.1333398578611309
Structure 9: -497.753166134462 -497.6998291015625 -6.221914576680775 -6.221247863769531 80 0.05333703289949199
Structure 10: -498.237675741853 -498.1206970214844 -6.227970946773163 -6.226508712768554 80 0.11697872036864965
Structure 11: -498.195840109373 -498.0831298828125 -6.227448001367163 -6.226039123535156 80 0.1127102265605231
Structure 12: -497.229664859158 -497.2314453125 -6.215370810739475 -6.21539306640625 80 0.001780453342007604
Structure 13: -496.004935899709 -495.8865966796875 -6.200061698746362 -6.198582458496094 80 0.11833922002148256
Structure 14: -495.548393875706 -495.5038757324219 -6.194354923446324 -6.193798446655274 80 0.04451814328410819
Structure 15: -495.176322212534 -495.0570983886719 -6.189704027656675 -6.188213729858399 80 0.11922382386211439
Structure 16: -494.609996528041 -494.5561218261719 -6.182624956600512 -6.181951522827148 80 0.05387470186911969
Structure 17: -496.788972317358 -496.7879638671875 -6.209862153966975 -6.209849548339844 80 0.0010084501705023285
Structure 18: -496.850098060964 -496.84979248046875 -6.21062622576205 -6.210622406005859 80 0.00030558049525097886
Structure 19: -497.990607403874 -497.9256591796875 -6.224882592548425 -6.224070739746094 80 0.06494822418648027
Structure 20: -496.47107115413 -496.3684997558594 -6.205888389426625 -6.204606246948242 80 0.10257139827064066
Structure 21: -197.242846323377 -197.31288146972656 -6.574761544112566 -6.577096048990885 30 0.07003514634956787
Structure 22: -197.242566249788 -197.31251525878906 -6.5747522083262675 -6.577083841959635 30 0.06994900900104994
Structure 23: -197.242627287862 -197.31240844726562 -6.574754242928734 -6.577080281575521 30 0.06978115940361818
Structure 24: -197.243941747325 -197.31353759765625 -6.574798058244167 -6.577117919921875 30 0.06959585033123972
Structure 25: -197.247886383244 -197.3155975341797 -6.574929546108134 -6.577186584472656 30 0.06771115093567914
Structure 26: -197.238202641456 -197.2980499267578 -6.574606754715201 -6.576601664225261 30 0.0598472853017995
Structure 27: -197.244279199131 -197.30709838867188 -6.5748093066377 -6.576903279622396 30 0.06281918954087473
Structure 28: -197.237512273587 -197.30517578125 -6.5745837424529 -6.576839192708333 30 0.06766350766301343
Structure 29: -197.238289310466 -197.30581665039062 -6.5746096436822 -6.576860555013021 30 0.06752733992462367
Structure 30: -197.224381319294 -197.28463745117188 -6.574146043976467 -6.576154581705729 30 0.06025613187787826
Structure 31: -197.229673096474 -197.29248046875 -6.574322436549133 -6.576416015625 30 0.06280737227601207
Structure 32: -197.213012793083 -197.27989196777344 -6.573767093102767 -6.575996398925781 30 0.06687917469042759
Structure 33: -197.208279864142 -197.27261352539062 -6.573609328804734 -6.575753784179687 30 0.06433366124861095
Structure 34: -197.211487107768 -197.27911376953125 -6.5737162369256 -6.575970458984375 30 0.06762666176325638
Structure 35: -197.211824035519 -197.2767333984375 -6.573727467850633 -6.57589111328125 30 0.06490936291851312
Structure 36: -197.210554518577 -197.27476501464844 -6.573685150619233 -6.575825500488281 30 0.06421049607143914
Structure 37: -197.205192944628 -197.26736450195312 -6.5735064314876 -6.575578816731771 30 0.062171557325115145
Structure 38: -197.194203589763 -197.26039123535156 -6.573140119658766 -6.575346374511719 30 0.06618764558857038
Structure 39: -197.174731907839 -197.24130249023438 -6.572491063594634 -6.574710083007813 30 0.0665705823953715
Structure 40: -197.187454426912 -197.24867248535156 -6.572915147563734 -6.574955749511719 30 0.061218058439550305
Structure 41: -197.180068648679 -197.2418670654297 -6.572668954955967 -6.57472890218099 30 0.06179841675069042
Structure 42: -197.165555600986 -197.22943115234375 -6.572185186699533 -6.574314371744792 30 0.06387555135773937
Structure 43: -197.14544786749 -197.20973205566406 -6.571514928916333 -6.573657735188802 30 0.06428418817407078
Structure 44: -197.136529024512 -197.19998168945312 -6.5712176341504 -6.573332722981771 30 0.06345266494113844
Structure 45: -197.145815339245 -197.208251953125 -6.571527177974833 -6.5736083984375 30 0.06243661388000987
Structure 46: -197.121989195184 -197.18128967285156 -6.5707329731728 -6.572709655761718 30 0.059300477667562745
Structure 47: -197.112155915078 -197.16859436035156 -6.570405197169267 -6.572286478678385 30 0.05643844527355668
Structure 48: -197.11125756289 -197.1704864501953 -6.5703752520963326 -6.572349548339844 30 0.0592288873053235
Structure 49: -197.117173104118 -197.17474365234375 -6.570572436803933 -6.572491455078125 30 0.05757054822575469
Structure 50: -197.10825454774 -197.1699981689453 -6.570275151591333 -6.572333272298177 30 0.06174362120532351
Structure 51: -197.110395859909 -197.1687774658203 -6.570346528663634 -6.57229258219401 30 0.05838160591130759
Structure 52: -197.074383663235 -197.13218688964844 -6.569146122107834 -6.571072896321614 30 0.0578032264134265
Structure 53: -197.066986812377 -197.12347412109375 -6.568899560412566 -6.570782470703125 30 0.056487308716754114
Structure 54: -197.051657461107 -197.10487365722656 -6.5683885820369 -6.570162455240886 30 0.053216196119564074
Structure 55: -197.100849398666 -197.15731811523438 -6.5700283132888675 -6.571910603841146 30 0.05646871656836083
Structure 56: -197.021486483598 -197.08456420898438 -6.5673828827866005 -6.569485473632812 30 0.06307772538636414
Structure 57: -197.029959567837 -197.0932159423828 -6.5676653189279 -6.569773864746094 30 0.06325637454580146
Structure 58: -197.006665451961 -197.0756378173828 -6.5668888483987 -6.569187927246094 30 0.06897236542181417
Structure 59: -197.006450219171 -197.0697021484375 -6.566881673972366 -6.568990071614583 30 0.06325192926649947
Structure 60: -197.036756356858 -197.0947723388672 -6.567891878561934 -6.569825744628906 30 0.05801598200918079
Structure 61: -196.980246168441 -197.0441131591797 -6.5660082056146996 -6.56813710530599 30 0.0638669907386884
Structure 62: -196.973195197017 -197.03125 -6.565773173233899 -6.567708333333333 30 0.05805480298300836
Structure 63: -196.98306087259 -197.03924560546875 -6.566102029086333 -6.567974853515625 30 0.056184732878762134
Structure 64: -196.957245771151 -197.0214385986328 -6.565241525705034 -6.567381286621094 30 0.06419282748180422
Structure 65: -196.972631358578 -197.0393829345703 -6.565754378619267 -6.567979431152343 30 0.0667515759922992
Structure 66: -196.96461631612 -197.02044677734375 -6.5654872105373325 -6.567348225911458 30 0.05583046122376345
Structure 67: -196.927796234744 -196.99014282226562 -6.564259874491467 -6.566338094075521 30 0.062346587521631136
Structure 68: -196.924669409869 -196.98802185058594 -6.5641556469956335 -6.566267395019532 30 0.06335244071692614
Structure 69: -196.91047226105 -196.96949768066406 -6.563682408701666 -6.565649922688802 30 0.05902541961407337
Structure 70: -196.929380477384 -196.99331665039062 -6.564312682579467 -6.566443888346354 30 0.06393617300662413
Structure 71: -196.923388883399 -196.98355102539062 -6.5641129627799675 -6.566118367513021 30 0.060162141991611406
Structure 72: -196.883919291304 -196.9455108642578 -6.562797309710134 -6.564850362141927 30 0.06159157295380169
Structure 73: -196.826909505369 -196.88775634765625 -6.5608969835123 -6.562925211588541 30 0.06084684228724768
Structure 74: -196.864365685364 -196.9239044189453 -6.562145522845467 -6.564130147298177 30 0.05953873358132
Structure 75: -196.931440732162 -196.9902801513672 -6.564381357738734 -6.566342671712239 30 0.058839419205185095
Structure 76: -196.923839529529 -196.98199462890625 -6.564127984317634 -6.566066487630208 30 0.05815509937724528
Structure 77: -196.846674943245 -196.90524291992188 -6.5615558314415 -6.563508097330729 30 0.05856797667686919
Structure 78: -196.834121217918 -196.8936767578125 -6.561137373930601 -6.56312255859375 30 0.059555539894489584
Structure 79: -196.905303650321 -196.9657745361328 -6.563510121677367 -6.565525817871094 30 0.06047088581181015
Structure 80: -196.917224327357 -196.97848510742188 -6.563907477578566 -6.565949503580729 30 0.06126078006488456
Structure 81: -196.884688217302 -196.94549560546875 -6.5628229405767335 -6.564849853515625 30 0.0608073881667508
Structure 82: -196.879917191465 -196.94073486328125 -6.562663906382167 -6.564691162109375 30 0.06081767181623832
Structure 83: -196.821360662445 -196.8827362060547 -6.5607120220815 -6.562757873535157 30 0.061375543609699434
Structure 84: -196.764701875145 -196.822998046875 -6.558823395838166 -6.5607666015625 30 0.05829617173000656
Structure 85: -196.711463610667 -196.7611083984375 -6.557048787022234 -6.55870361328125 30 0.04964478777048953
Structure 86: -196.851932740719 -196.89967346191406 -6.5617310913573 -6.563322448730469 30 0.0477407211950549
Structure 87: -196.890750665796 -196.94769287109375 -6.5630250221932 -6.564923095703125 30 0.05694220529775862
Structure 88: -196.830934407713 -196.88916015625 -6.561031146923766 -6.562972005208334 30 0.05822574853701212
Structure 89: -196.776326809664 -196.8378448486328 -6.559210893655466 -6.561261494954427 30 0.06151803896881347
Structure 90: -196.760574441592 -196.8248291015625 -6.558685814719734 -6.56082763671875 30 0.06425465997048718
Structure 91: -196.850783372145 -196.9049072265625 -6.5616927790715005 -6.563496907552083 30 0.05412385441749734
Structure 92: -196.650695586741 -196.701904296875 -6.5550231862247 -6.556730143229166 30 0.05120871013400574
Structure 93: -196.754729640623 -196.80690002441406 -6.5584909880207665 -6.560230000813802 30 0.05217038379106498
Structure 94: -196.585497664655 -196.6484375 -6.552849922155167 -6.554947916666666 30 0.06293983534499148
Structure 95: -196.66420774268 -196.71710205078125 -6.5554735914226665 -6.557236735026041 30 0.0528943081012585
Structure 96: -196.635882013928 -196.69583129882812 -6.554529400464267 -6.556527709960937 30 0.05994928490011375
Structure 97: -196.733415792267 -196.79737854003906 -6.557780526408901 -6.559912618001302 30 0.06396274777205235
Structure 98: -196.515300218776 -196.5696563720703 -6.550510007292533 -6.5523218790690105 30 0.05435615329432153
Structure 99: -196.653616530781 -196.7078857421875 -6.555120551026033 -6.556929524739584 30 0.0542692114065062
Structure 100: -196.696225289154 -196.74502563476562 -6.5565408429718 -6.558167521158854 30 0.04880034561162461
Structure 1: -195.037831523681 -195.04965209960938 -6.501261050789367 -6.501655069986979 30 0.011820575928368271
Structure 2: -194.988765478494 -195.01380920410156 -6.4996255159498 -6.500460306803386 30 0.025043725607559963
Structure 3: -195.057390834692 -195.05494689941406 -6.501913027823067 -6.501831563313802 30 0.0024439352779381807
Structure 4: -195.077441796471 -195.09170532226562 -6.5025813932157 -6.5030568440755205 30 0.014263525794632415
Structure 5: -195.260316166423 -195.3182373046875 -6.508677205547433 -6.51060791015625 30 0.05792113826450418
Structure 6: -195.224663647758 -195.2738494873047 -6.5074887882586 -6.50912831624349 30 0.049185839546680654
Structure 7: -195.136831085911 -195.1730499267578 -6.504561036197034 -6.505768330891927 30 0.03621884084680005
Structure 8: -195.054561832494 -195.09339904785156 -6.501818727749799 -6.503113301595052 30 0.03883721535757445
Structure 9: -194.795089660882 -194.8205108642578 -6.493169655362734 -6.494017028808594 30 0.02542120337579945
Structure 10: -195.260819968345 -195.31101989746094 -6.508693998944834 -6.510367329915365 30 0.05019992911593363
Structure 11: -195.071940931302 -195.06944274902344 -6.5023980310434 -6.502314758300781 30 0.0024981822785719032
Structure 12: -195.464514480504 -195.4683380126953 -6.5154838160168 -6.515611267089843 30 0.0038235321913191456
Structure 13: -194.991793658566 -194.99783325195312 -6.499726455285534 -6.499927775065104 30 0.006039593387129116
Structure 14: -194.84937250123 -194.83819580078125 -6.494979083374333 -6.494606526692708 30 0.011176700448743304
Structure 15: -194.95392389374 -194.97340393066406 -6.4984641297913335 -6.499113464355469 30 0.019480036924051092
Structure 16: -194.631000634843 -194.63331604003906 -6.487700021161433 -6.4877772013346355 30 0.0023154051960716515
Structure 17: -194.86519959521 -194.87095642089844 -6.495506653173666 -6.495698547363281 30 0.005756825688450817
Structure 18: -194.999014655517 -194.9958953857422 -6.499967155183899 -6.4998631795247395 30 0.0031192697747997045
Structure 19: -194.634195389197 -194.59463500976562 -6.487806512973234 -6.486487833658854 30 0.03956037943137858
Structure 20: -194.757203639412 -194.7511444091797 -6.4919067879804 -6.4917048136393225 30 0.006059230232324353
Structure 21: -194.851011414587 -194.8472137451172 -6.495033713819566 -6.49490712483724 30 0.003797669469804532
Structure 22: -195.003237522313 -195.00942993164062 -6.500107917410433 -6.500314331054687 30 0.00619240932763887
Structure 23: -194.639395703791 -194.64749145507812 -6.487979856793033 -6.488249715169271 30 0.00809575128712936
Structure 24: -194.778691447591 -194.7864990234375 -6.492623048253034 -6.49288330078125 30 0.007807575846499049
Structure 25: -194.830055853348 -194.8160400390625 -6.4943351951116 -6.493868001302084 30 0.014015814285500028
Structure 26: -194.410831267829 -194.4075164794922 -6.4803610422609665 -6.480250549316406 30 0.0033147883368087605
Structure 27: -194.367970272782 -194.3477020263672 -6.4789323424260665 -6.4782567342122395 30 0.020268246414815394
Structure 28: -194.020588133277 -194.0424041748047 -6.4673529377759 -6.468080139160156 30 0.02181604152769978
Structure 29: -194.470290696576 -194.50416564941406 -6.4823430232192 -6.483472188313802 30 0.033874952838061745
Structure 30: -194.367947270355 -194.38414001464844 -6.4789315756785 -6.479471333821615 30 0.016192744293448413
Structure 31: -194.250292428904 -194.19468688964844 -6.475009747630134 -6.473156229654948 30 0.05560553925556633
Structure 32: -193.440884704338 -193.432861328125 -6.4480294901446005 -6.447762044270833 30 0.00802337621300353
Structure 33: -193.295629478263 -193.3177947998047 -6.443187649275433 -6.443926493326823 30 0.02216532154167794
Structure 34: -194.336354765652 -194.39100646972656 -6.4778784921884 -6.4797002156575525 30 0.05465170407455844
Structure 35: -194.225065185277 -194.21011352539062 -6.474168839509233 -6.473670450846354 30 0.014951659886378366
Structure 36: -193.535926184028 -193.54632568359375 -6.4511975394676 -6.451544189453125 30 0.010399499565750148
Structure 37: -193.994646370298 -194.0362548828125 -6.4664882123432665 -6.467875162760417 30 0.04160851251450026
Structure 38: -194.36202628816 -194.37960815429688 -6.478734209605333 -6.479320271809896 30 0.017581866136879398
Structure 39: -193.898145398489 -193.91685485839844 -6.463271513282966 -6.463895161946614 30 0.01870945990944506
Structure 40: -193.481709652875 -193.48655700683594 -6.4493903217624995 -6.449551900227864 30 0.0048473539609403815
Structure 41: -193.5710582184 -193.57955932617188 -6.4523686072799995 -6.4526519775390625 30 0.008501107771877514
Structure 42: -193.885452672974 -193.8860626220703 -6.462848422432467 -6.46286875406901 30 0.0006099490963151766
Structure 43: -194.580499885767 -194.54502868652344 -6.4860166628589 -6.484834289550781 30 0.03547119924357389
Structure 44: -194.155299845796 -194.11419677734375 -6.4718433281932 -6.470473225911459 30 0.04110306845225864
Structure 45: -194.369511362725 -194.33474731445312 -6.478983712090834 -6.477824910481771 30 0.03476404827188162
Structure 46: -193.902588842728 -193.85935974121094 -6.463419628090933 -6.461978658040365 30 0.04322910151705628
Structure 47: -194.142514907253 -194.16456604003906 -6.4714171635751 -6.4721522013346355 30 0.022051132786060634
Structure 48: -194.486810392966 -194.4993438720703 -6.482893679765533 -6.483311462402344 30 0.012533479104320122
Structure 49: -194.481775609845 -194.46168518066406 -6.4827258536615 -6.482056172688802 30 0.020090429180925184
Structure 50: -193.897126754175 -193.91355895996094 -6.4632375584725 -6.463785298665365 30 0.016432205785946508
Structure 51: -193.917997334138 -193.93418884277344 -6.463933244471266 -6.464472961425781 30 0.016191508635444052
Structure 52: -194.201793097403 -194.20587158203125 -6.473393103246766 -6.473529052734375 30 0.004078484628251999
Structure 53: -194.074682416365 -194.05670166015625 -6.4691560805455 -6.468556722005208 30 0.017980756208743287
Structure 54: -193.758428257941 -193.7416229248047 -6.4586142752647 -6.4580540974934895 30 0.016805333136318268
Structure 55: -193.720087078666 -193.73025512695312 -6.457336235955534 -6.457675170898438 30 0.010168048287113152
Structure 56: -194.144204439428 -194.14163208007812 -6.471473481314266 -6.471387736002604 30 0.0025723593498696573
Structure 57: -193.538299967458 -193.577392578125 -6.451276665581933 -6.452579752604167 30 0.039092610667012195
Structure 58: -194.31908541128 -194.31480407714844 -6.477302847042667 -6.477160135904948 30 0.004281334131576386
Structure 59: -193.865543357177 -193.87896728515625 -6.462184778572566 -6.462632242838541 30 0.013423927979260952
Structure 60: -194.252174972891 -194.28404235839844 -6.475072499096367 -6.476134745279948 30 0.031867385507439394
Structure 61: -193.578493847646 -193.58543395996094 -6.4526164615882005 -6.452847798665364 30 0.0069401123149361865
Structure 62: -194.045962878041 -194.12429809570312 -6.468198762601366 -6.4708099365234375 30 0.07833521766212925
Structure 63: -193.518030206065 -193.56912231445312 -6.450601006868833 -6.452304077148438 30 0.05109210838813283
Structure 64: -194.030319905851 -194.14683532714844 -6.467677330195033 -6.471561177571615 30 0.11651542129743575
Structure 65: -194.246021210747 -194.28688049316406 -6.474867373691566 -6.476229349772136 30 0.04085928241707393
Structure 66: -193.611122179209 -193.73777770996094 -6.4537040726403 -6.457925923665365 30 0.1266555307519468
Structure 67: -193.405621044483 -193.5916748046875 -6.4468540348161 -6.453055826822917 30 0.18605376020448716
Structure 68: -193.527536783826 -193.72439575195312 -6.4509178927942 -6.457479858398438 30 0.1968589681271169
Structure 69: -194.259596391359 -194.4046173095703 -6.475319879711966 -6.48015391031901 30 0.14502091821131557
Structure 70: -193.442109746804 -193.5524139404297 -6.448070324893466 -6.451747131347656 30 0.11030419362569432
Structure 71: -193.135589730588 -193.29551696777344 -6.4378529910196 -6.443183898925781 30 0.15992723718542834
Structure 72: -193.260602743183 -193.40225219726562 -6.442020091439433 -6.4467417399088545 30 0.14164945408262497
Structure 73: -193.677602137206 -193.80775451660156 -6.4559200712402 -6.460258483886719 30 0.1301523793955539
Structure 74: -193.817853015189 -193.95619201660156 -6.4605951005063 -6.465206400553385 30 0.13833900141256095
Structure 75: -194.285792717645 -194.29783630371094 -6.476193090588167 -6.476594543457031 30 0.01204358606594269
Structure 76: -194.419272939744 -194.40103149414062 -6.4806424313247994 -6.480034383138021 30 0.01824144560336549
Structure 77: -193.411669080473 -193.39231872558594 -6.447055636015766 -6.446410624186198 30 0.01935035488705239
Structure 78: -193.178376948537 -193.21206665039062 -6.4392792316179 -6.440402221679688 30 0.03368970185363196
Structure 79: -193.487117601944 -193.4764404296875 -6.4495705867314665 -6.449214680989583 30 0.010677172256492895
Structure 80: -192.93402495101 -192.9224853515625 -6.431134165033667 -6.43074951171875 30 0.011539599447502269
Structure 81: -193.757821966748 -193.7103729248047 -6.458594065558267 -6.457012430826823 30 0.04744904194330957
Structure 82: -193.103645155046 -193.1044158935547 -6.436788171834866 -6.4368138631184895 30 0.0007707385086916929
Structure 83: -192.169661570842 -192.1911163330078 -6.405655385694733 -6.406370544433594 30 0.021454762165802777
Structure 84: -193.492157282173 -193.49530029296875 -6.449738576072433 -6.449843343098959 30 0.0031430107957532982
Structure 85: -192.850028802561 -192.87161254882812 -6.4283342934187 -6.429053751627604 30 0.021583746267111792
Structure 86: -192.892636128123 -192.85362243652344 -6.4297545376041 -6.428454081217448 30 0.03901369159956403
Structure 87: -193.969276894564 -193.92166137695312 -6.465642563152133 -6.4640553792317705 30 0.0476155176108648
Structure 88: -192.414215518707 -192.45867919921875 -6.413807183956901 -6.415289306640625 30 0.04446368051173977
Structure 89: -192.40567127812 -192.3987579345703 -6.413522375937333 -6.413291931152344 30 0.006913343549683759
Structure 90: -193.411257267293 -193.3953399658203 -6.447041908909767 -6.44651133219401 30 0.01591730147268322
Structure 91: -193.558417950298 -193.5763702392578 -6.451947265009934 -6.452545674641927 30 0.01795228895980472
Structure 92: -193.204129339276 -193.1595001220703 -6.440137644642533 -6.43865000406901 30 0.04462921720568147
Structure 93: -192.532114544279 -192.48916625976562 -6.417737151475967 -6.4163055419921875 30 0.04294828451338617
Structure 94: -192.258728321638 -192.2482147216797 -6.408624277387933 -6.40827382405599 30 0.010513599958301256
Structure 95: -192.908625990869 -192.89901733398438 -6.4302875330289675 -6.4299672444661455 30 0.009608656884637412
Structure 96: -192.466828157645 -192.4467315673828 -6.415560938588167 -6.414891052246094 30 0.020096590262198788
Structure 97: -192.133304684281 -192.1044464111328 -6.404443489476034 -6.40348154703776 30 0.02885827314818812
Structure 98: -193.275380827537 -193.27110290527344 -6.442512694251233 -6.442370096842448 30 0.004277922263554501
Structure 99: -192.826213394408 -192.80918884277344 -6.427540446480267 -6.426972961425781 30 0.017024551634563068
Structure 100: -192.640544448903 -192.63482666015625 -6.4213514816301 -6.421160888671875 30 0.00571778874675033
Structure 1: -192.186140729937 -192.17567443847656 -6.4062046909979 -6.405855814615886 30 0.010466291460431876
Structure 2: -192.325141179252 -192.27291870117188 -6.4108380393084 -6.409097290039062 30 0.052222478080125256
Structure 3: -193.351544303598 -193.30908203125 -6.4450514767866 -6.443636067708334 30 0.04246227234798994
Structure 4: -193.180851063778 -193.1861114501953 -6.439361702125933 -6.439537048339844 30 0.005260386417319296
Structure 5: -191.007871902984 -191.00979614257812 -6.3669290634328 -6.366993204752604 30 0.0019242395941319046
Structure 6: -192.301536670067 -192.3062286376953 -6.410051222335567 -6.41020762125651 30 0.004691967628303928
Structure 7: -192.56473235305 -192.54270935058594 -6.418824411768333 -6.418090311686198 30 0.022023002464067076
Structure 8: -192.241278432568 -192.26332092285156 -6.4080426144189335 -6.4087773640950525 30 0.022042490283553207
Structure 9: -192.73625341049 -192.70394897460938 -6.424541780349667 -6.423464965820313 30 0.03230443588063281
Structure 10: -192.135540740768 -192.09967041015625 -6.404518024692266 -6.403322347005209 30 0.035870330611743384
Structure 11: -191.884557226062 -191.82672119140625 -6.396151907535399 -6.394224039713541 30 0.05783603465573606
Structure 12: -192.295826535341 -192.2247314453125 -6.4098608845113665 -6.407491048177083 30 0.071095090028507
Structure 13: -192.008856863413 -191.9434356689453 -6.4002952287804336 -6.398114522298177 30 0.06542119446768879
Structure 14: -192.280108982242 -192.22828674316406 -6.409336966074734 -6.407609558105468 30 0.051822239077949916
Structure 15: -192.532816793213 -192.52349853515625 -6.417760559773766 -6.417449951171875 30 0.00931825805673725
Structure 16: -192.251852963869 -192.2525177001953 -6.4083950987956335 -6.408417256673177 30 0.0006647363263141415
Structure 17: -192.016984638802 -192.02108764648438 -6.400566154626733 -6.400702921549479 30 0.004103007682374482
Structure 18: -191.230096609244 -191.2228546142578 -6.3743365536414665 -6.374095153808594 30 0.00724199498617395
Structure 19: -192.73924646165 -192.73135375976562 -6.424641548721667 -6.424378458658854 30 0.007892701884372855
Structure 20: -192.441523227466 -192.41964721679688 -6.414717440915534 -6.413988240559896 30 0.02187601066913203
Structure 21: -193.212615723241 -193.19679260253906 -6.440420524108033 -6.439893086751302 30 0.015823120701924154
Structure 22: -192.387627080552 -192.3461151123047 -6.412920902685067 -6.411537170410156 30 0.041511968247306186
Structure 23: -192.256425815081 -192.26931762695312 -6.408547527169366 -6.408977254231771 30 0.012891811872123071
Structure 24: -192.486111179558 -192.5051727294922 -6.416203705985267 -6.416839090983073 30 0.019061549934178856
Structure 25: -192.20538357929 -192.19058227539062 -6.406846119309666 -6.406352742513021 30 0.014801303899361073
Structure 26: -192.764649264678 -192.72665405273438 -6.4254883088226 -6.424221801757812 30 0.037995211943638196
Structure 27: -191.34188360667 -191.34268188476562 -6.378062786889 -6.378089396158854 30 0.000798278095629712
Structure 28: -192.71008006081 -192.71554565429688 -6.423669335360333 -6.423851521809896 30 0.00546559348688902
Structure 29: -191.669736216092 -191.65362548828125 -6.388991207203066 -6.388454182942708 30 0.016110727810740855
Structure 30: -191.12920833438 -191.15980529785156 -6.370973611146 -6.3719935099283855 30 0.030596963471566596
Structure 31: -192.072772385229 -192.1070098876953 -6.4024257461743 -6.403566996256511 30 0.0342375024663113
Structure 32: -191.656411515884 -191.65151977539062 -6.388547050529467 -6.388383992513021 30 0.004891740493377483
Structure 33: -192.378874345741 -192.39366149902344 -6.412629144858033 -6.4131220499674475 30 0.014787153282441068
Structure 34: -192.415317614072 -192.3569793701172 -6.413843920469066 -6.41189931233724 30 0.05833824395480747
Structure 35: -192.314776756433 -192.25294494628906 -6.410492558547767 -6.4084314982096355 30 0.06183181014392858
Structure 36: -191.801434392015 -191.75067138671875 -6.3933811464005 -6.391689046223958 30 0.0507630052962611
Structure 37: -192.52065019264 -192.5284881591797 -6.417355006421333 -6.417616271972657 30 0.007837966539682384
Structure 38: -192.685616128081 -192.68539428710938 -6.422853870936033 -6.4228464762369795 30 0.0002218409716192582
Structure 39: -192.081500671713 -192.066162109375 -6.4027166890571 -6.402205403645834 30 0.015338562338001793
Structure 40: -192.545141233808 -192.54254150390625 -6.418171374460267 -6.418084716796875 30 0.0025997299017603837
Structure 41: -192.291023635757 -192.3137664794922 -6.409700787858567 -6.410458882649739 30 0.022742843735187535
Structure 42: -191.592732376816 -191.5821533203125 -6.386424412560533 -6.38607177734375 30 0.010579056503502215
Structure 43: -191.862746680472 -191.88682556152344 -6.395424889349067 -6.396227518717448 30 0.024078881051451617
Structure 44: -191.977176535958 -191.9458770751953 -6.399239217865267 -6.398195902506511 30 0.031299460762681974
Structure 45: -191.293154349802 -191.2445068359375 -6.376438478326733 -6.37481689453125 30 0.04864751386449484
Structure 46: -191.457994740747 -191.4170379638672 -6.381933158024901 -6.380567932128907 30 0.04095677687982402
Structure 47: -191.951073390457 -191.9335174560547 -6.398369113015233 -6.397783915201823 30 0.01755593440230996
Structure 48: -191.527262947373 -191.51258850097656 -6.384242098245767 -6.3837529500325525 30 0.014674446396440999
Structure 49: -192.939621609126 -192.91806030273438 -6.4313207203042 -6.430602010091146 30 0.021561306391618018
Structure 50: -191.611735626546 -191.59898376464844 -6.3870578542182 -6.3866327921549475 30 0.012751861897555727
Structure 51: -234.195000300111 -234.20291137695312 -5.854875007502775 -5.855072784423828 40 0.007911076842134435
Structure 52: -234.20592203136 -234.2135467529297 -5.855148050784 -5.855338668823242 40 0.0076247215696980675
Structure 53: -234.226319711495 -234.23426818847656 -5.855657992787375 -5.855856704711914 40 0.007948476981567865
Structure 54: -234.255786056819 -234.2658233642578 -5.856394651420475 -5.856645584106445 40 0.010037307438807375
Structure 55: -234.380596647788 -234.38819885253906 -5.8595149161946996 -5.859704971313477 40 0.0076022047510662105
Structure 56: -234.430101690588 -234.44190979003906 -5.8607525422647 -5.861047744750977 40 0.011808099451059206
Structure 57: -234.457395014862 -234.46864318847656 -5.8614348753715495 -5.861716079711914 40 0.011248173614575308
Structure 58: -234.453945269925 -234.45709228515625 -5.8613486317481245 -5.861427307128906 40 0.0031470152312635946
Structure 59: -234.46093417902 -234.46263122558594 -5.8615233544755 -5.861565780639649 40 0.0016970465659369438
Structure 60: -234.451057578153 -234.44900512695312 -5.8612764394538255 -5.861225128173828 40 0.002052451199887173
Structure 61: -234.455383020606 -234.452880859375 -5.86138457551515 -5.861322021484375 40 0.002502161231006994
Structure 62: -234.457975149468 -234.45138549804688 -5.8614493787367 -5.861284637451172 40 0.006589651421137432
Structure 63: -234.437202637047 -234.4315185546875 -5.8609300659261745 -5.860787963867187 40 0.005684082359493914
Structure 64: -234.438084265807 -234.43365478515625 -5.860952106645175 -5.860841369628906 40 0.0044294806507423345
Structure 65: -234.41968801136 -234.41372680664062 -5.860492200284 -5.860343170166016 40 0.005961204719369562
Structure 66: -234.421122007836 -234.40823364257812 -5.8605280501959 -5.860205841064453 40 0.012888365257879286
Structure 67: -234.349851814331 -234.34014892578125 -5.858746295358275 -5.858503723144532 40 0.009702888549753652
Structure 68: -234.356697499978 -234.35076904296875 -5.85891743749945 -5.858769226074219 40 0.005928457009247268
Structure 69: -234.36705256538 -234.35794067382812 -5.8591763141344995 -5.858948516845703 40 0.009111891551867757
Structure 70: -234.365701977607 -234.35293579101562 -5.8591425494401745 -5.85882339477539 40 0.012766186591363748
Structure 71: -234.355133213867 -234.3464813232422 -5.858878330346675 -5.858662033081055 40 0.008651890624804537
Structure 72: -234.37481038391 -234.36251831054688 -5.85937025959775 -5.859062957763672 40 0.012292073363113332
Structure 73: -234.31679362453 -234.31961059570312 -5.85791984061325 -5.857990264892578 40 0.0028169711731322877
Structure 74: -234.26128298702 -234.25558471679688 -5.8565320746755 -5.8563896179199215 40 0.005698270223120971
Structure 75: -234.294515498019 -234.2908935546875 -5.857362887450475 -5.857272338867188 40 0.0036219433314954586
Structure 76: -234.280665843187 -234.26806640625 -5.857016646079675 -5.85670166015625 40 0.012599436936994834
Structure 77: -234.290786001635 -234.28355407714844 -5.857269650040875 -5.857088851928711 40 0.007231924486575281
Structure 78: -234.249022899799 -234.2504425048828 -5.856225572494975 -5.85626106262207 40 0.0014196050838108931
Structure 79: -234.218554474741 -234.21633911132812 -5.855463861868525 -5.855408477783203 40 0.0022153634128869726
Structure 80: -234.262393216479 -234.2559051513672 -5.8565598304119755 -5.85639762878418 40 0.006488065111824426
Structure 81: -234.188096047459 -234.18870544433594 -5.854702401186475 -5.854717636108399 40 0.0006093968769391722
Structure 82: -234.149008781344 -234.15081787109375 -5.8537252195336 -5.853770446777344 40 0.001809089749741588
Structure 83: -234.210338801255 -234.21031188964844 -5.855258470031375 -5.855257797241211 40 2.6911606568091884e-05
Structure 84: -234.190591261955 -234.18734741210938 -5.854764781548875 -5.854683685302734 40 0.00324384984563153
Structure 85: -234.146168477484 -234.14431762695312 -5.8536542119371 -5.853607940673828 40 0.0018508505308716394
Structure 86: -234.106774769622 -234.10154724121094 -5.85266936924055 -5.852538681030273 40 0.0052275284110692155
Structure 87: -234.128093830957 -234.11630249023438 -5.853202345773925 -5.85290756225586 40 0.011791340722624
Structure 88: -234.130125358257 -234.1233673095703 -5.853253133956425 -5.8530841827392575 40 0.006758048686691609
Structure 89: -234.149025555373 -234.135986328125 -5.853725638884325 -5.853399658203125 40 0.013039227247986673
Structure 90: -234.103305099095 -234.08790588378906 -5.852582627477375 -5.852197647094727 40 0.015399215305933467
Structure 91: -234.022788371425 -234.0145721435547 -5.850569709285625 -5.850364303588867 40 0.008216227870320836
Structure 92: -234.070291227959 -234.0620880126953 -5.851757280698974 -5.851552200317383 40 0.008203215263677066
Structure 93: -234.102741073388 -234.09820556640625 -5.8525685268347 -5.852455139160156 40 0.00453550698173899
Structure 94: -234.064140484792 -234.05792236328125 -5.8516035121198 -5.851448059082031 40 0.006218121510755736
Structure 95: -233.938640446373 -233.93138122558594 -5.848466011159325 -5.848284530639648 40 0.007259220787062759
Structure 96: -233.993278456968 -233.97976684570312 -5.8498319614242 -5.849494171142578 40 0.013511611264874546
Structure 97: -234.014865554826 -234.00205993652344 -5.85037163887065 -5.850051498413086 40 0.01280561830256488
Structure 98: -234.098507634924 -234.0847625732422 -5.8524626908731 -5.852119064331054 40 0.013745061681817106
Structure 99: -234.084076806394 -234.0743865966797 -5.85210192015985 -5.851859664916992 40 0.00969020971430723
Structure 100: -234.022709970312 -234.00909423828125 -5.8505677492578005 -5.850227355957031 40 0.0136157320307575
Structure 1: -233.981852500234 -233.97291564941406 -5.84954631250585 -5.849322891235351 40 0.008936850819935671
Structure 2: -233.932940840503 -233.92124938964844 -5.848323521012575 -5.848031234741211 40 0.011691450854556251
Structure 3: -233.963366282493 -233.95440673828125 -5.849084157062325 -5.848860168457032 40 0.008959544211762704
Structure 4: -233.998851534532 -233.98858642578125 -5.8499712883633 -5.849714660644532 40 0.010265108750758145
Structure 5: -233.953433085662 -233.9382781982422 -5.84883582714155 -5.848456954956054 40 0.015154887419811303
Structure 6: -233.742385732599 -233.73709106445312 -5.843559643314975 -5.843427276611328 40 0.005294668145864989
Structure 7: -233.739503224577 -233.73834228515625 -5.843487580614425 -5.843458557128907 40 0.0011609394207425794
Structure 8: -233.734038181487 -233.72352600097656 -5.843350954537175 -5.843088150024414 40 0.01051218051043179
Structure 9: -233.780698888222 -233.7727813720703 -5.84451747220555 -5.844319534301758 40 0.007917516151678683
Structure 10: -233.752390011214 -233.7537384033203 -5.84380975028035 -5.843843460083008 40 0.001348392106308438
Structure 11: -233.718803919161 -233.7135009765625 -5.842970097979025 -5.842837524414063 40 0.00530294259849029
Structure 12: -233.885850002553 -233.87106323242188 -5.847146250063825 -5.8467765808105465 40 0.014786770131138383
Structure 13: -233.843585163311 -233.83404541015625 -5.846089629082774 -5.845851135253906 40 0.009539753154740538
Structure 14: -233.746901264443 -233.73861694335938 -5.843672531611075 -5.843465423583984 40 0.00828432108363586
Structure 15: -233.752330164767 -233.74200439453125 -5.843808254119175 -5.843550109863282 40 0.010325770235738219
Structure 16: -233.788763397279 -233.79367065429688 -5.844719084931976 -5.844841766357422 40 0.004907257017862321
Structure 17: -233.745593154614 -233.73297119140625 -5.84363982886535 -5.843324279785156 40 0.012621963207749332
Structure 18: -233.726536880764 -233.71644592285156 -5.8431634220191 -5.842911148071289 40 0.01009095791243908
Structure 19: -233.584893397179 -233.5709228515625 -5.839622334929475 -5.839273071289062 40 0.013970545616501795
Structure 20: -233.616807469843 -233.60731506347656 -5.8404201867460745 -5.840182876586914 40 0.00949240636643367
Structure 21: -233.671179843412 -233.66131591796875 -5.8417794960853 -5.841532897949219 40 0.009863925443255539
Structure 22: -233.558158392501 -233.54519653320312 -5.8389539598125255 -5.838629913330078 40 0.012961859297888623
Structure 23: -233.502158966498 -233.50291442871094 -5.83755397416245 -5.837572860717773 40 0.0007554622129362087
Structure 24: -233.452340328513 -233.44984436035156 -5.836308508212825 -5.836246109008789 40 0.002495968161440487
Structure 25: -233.458611660433 -233.46949768066406 -5.836465291510825 -5.836737442016601 40 0.010886020231055227
Structure 26: -233.355975632672 -233.35760498046875 -5.8338993908168 -5.833940124511718 40 0.0016293477967508352
Structure 27: -233.246512373131 -233.25697326660156 -5.831162809328275 -5.831424331665039 40 0.010460893470565225
Structure 28: -233.417379630882 -233.40797424316406 -5.83543449077205 -5.835199356079102 40 0.009405387717947633
Structure 29: -233.193558756473 -233.1693572998047 -5.829838968911825 -5.829233932495117 40 0.024201456668322407
Structure 30: -233.175732563584 -233.16543579101562 -5.8293933140896 -5.829135894775391 40 0.01029677256838113
Structure 31: -233.0376507697 -233.0157012939453 -5.8259412692425006 -5.825392532348633 40 0.021949475754695413
Structure 32: -233.209649784345 -233.19931030273438 -5.830241244608625 -5.829982757568359 40 0.010339481610628809
Structure 33: -233.557892059769 -233.544921875 -5.838947301494224 -5.838623046875 40 0.012970184768988702
Structure 34: -233.268332154985 -233.269287109375 -5.831708303874625 -5.831732177734375 40 0.0009549543900106983
Structure 35: -233.583733066334 -233.57449340820312 -5.83959332665835 -5.839362335205078 40 0.009239658130866246
Structure 36: -233.351476006654 -233.3406524658203 -5.83378690016635 -5.833516311645508 40 0.010823540833683865
Structure 37: -233.12171592885 -233.11720275878906 -5.82804289822125 -5.827930068969726 40 0.00451317006093177
Structure 38: -233.241967430404 -233.24314880371094 -5.8310491857601 -5.831078720092774 40 0.0011813733069345744
Structure 39: -233.076979039019 -233.08181762695312 -5.826924475975475 -5.827045440673828 40 0.004838587934131056
Structure 40: -233.048742725274 -233.0374298095703 -5.82621856813185 -5.825935745239258 40 0.011312915703683757
Structure 41: -233.112287687269 -233.1066436767578 -5.827807192181725 -5.827666091918945 40 0.005644010511190345
Structure 42: -233.094200905187 -233.0763702392578 -5.827355022629675 -5.8269092559814455 40 0.017830665929182032
Structure 43: -233.127439760188 -233.12367248535156 -5.8281859940047 -5.828091812133789 40 0.0037672748364343533
Structure 44: -232.910607794423 -232.9012451171875 -5.822765194860574 -5.822531127929688 40 0.009362677235486672
Structure 45: -233.314318764424 -233.3065643310547 -5.8328579691106 -5.832664108276367 40 0.007754433369314029
Structure 46: -233.042825443787 -233.03746032714844 -5.826070636094675 -5.825936508178711 40 0.005365116638557765
Structure 47: -233.234287021238 -233.22470092773438 -5.83085717553095 -5.830617523193359 40 0.00958609350362849
Structure 48: -233.092847547436 -233.0840606689453 -5.8273211886859 -5.827101516723633 40 0.008786878490695926
Structure 49: -233.0836633203 -233.0719451904297 -5.827091583007499 -5.826798629760742 40 0.011718129870303073
Structure 50: -233.147723360882 -233.1387176513672 -5.82869308402205 -5.828467941284179 40 0.009005709514809723
Structure 51: -232.846300580553 -232.83926391601562 -5.821157514513825 -5.82098159790039 40 0.0070366645373667325
Structure 52: -232.991202850579 -232.97474670410156 -5.824780071264475 -5.824368667602539 40 0.016456146477423772
Structure 53: -233.004681744729 -233.00279235839844 -5.825117043618225 -5.825069808959961 40 0.0018893863305606828
Structure 54: -232.874088704804 -232.8614959716797 -5.8218522176200995 -5.8215373992919925 40 0.012592733124307642
Structure 55: -232.907613110619 -232.9099578857422 -5.822690327765475 -5.8227489471435545 40 0.0023447751231913116
Structure 56: -232.959373129983 -232.94085693359375 -5.8239843282495745 -5.823521423339844 40 0.018516196389242623
Structure 57: -232.945057837584 -232.93038940429688 -5.8236264459396 -5.823259735107422 40 0.014668433287113203
Structure 58: -232.947933782591 -232.94447326660156 -5.823698344564775 -5.823611831665039 40 0.003460515989445412
Structure 59: -232.895534288276 -232.9033203125 -5.8223883572069 -5.8225830078125 40 0.0077860242240035404
Structure 60: -232.630911822278 -232.62686157226562 -5.81577279555695 -5.81567153930664 40 0.004050250012369361
Structure 61: -233.227198438559 -233.23570251464844 -5.830679960963975 -5.830892562866211 40 0.008504076089451473
Structure 62: -232.985222850002 -232.9984130859375 -5.82463057125005 -5.824960327148437 40 0.01319023593549673
Structure 63: -232.719168963573 -232.73402404785156 -5.817979224089325 -5.818350601196289 40 0.0148550842785653
Structure 64: -232.539416258413 -232.5485076904297 -5.813485406460325 -5.813712692260742 40 0.009091432016674617
Structure 65: -232.969528577669 -232.9600830078125 -5.824238214441725 -5.824002075195312 40 0.009445569856495695
Structure 66: -232.571790983464 -232.57440185546875 -5.8142947745866005 -5.814360046386719 40 0.00261087200473753
Structure 67: -232.631582434013 -232.64694213867188 -5.815789560850325 -5.816173553466797 40 0.015359704658862938
Structure 68: -232.875391284353 -232.87338256835938 -5.821884782108825 -5.821834564208984 40 0.0020087159936110766
Structure 69: -232.755546645989 -232.75909423828125 -5.818888666149725 -5.818977355957031 40 0.0035475922922501013
Structure 70: -232.406221032252 -232.40420532226562 -5.8101555258063 -5.8101051330566404 40 0.002015709986380898
Structure 71: -232.424187037956 -232.42138671875 -5.8106046759489 -5.81053466796875 40 0.002800319205988444
Structure 72: -232.949426520179 -232.9646453857422 -5.823735663004475 -5.824116134643555 40 0.015218865563184636
Structure 73: -232.04673672498 -232.0421600341797 -5.8011684181245 -5.801054000854492 40 0.004576690800320193
Structure 74: -232.472800147865 -232.47750854492188 -5.811820003696625 -5.811937713623047 40 0.004708397056873537
Structure 75: -231.857265125167 -231.8595733642578 -5.7964316281291755 -5.796489334106445 40 0.0023082390908086836
Structure 76: -232.249693627702 -232.2381591796875 -5.80624234069255 -5.8059539794921875 40 0.011534448014486998
Structure 77: -232.401316342766 -232.40646362304688 -5.81003290856915 -5.810161590576172 40 0.005147280280880295
Structure 78: -232.827861754871 -232.83511352539062 -5.820696543871775 -5.8208778381347654 40 0.00725177051961623
Structure 79: -232.489419467296 -232.4915008544922 -5.8122354866823995 -5.812287521362305 40 0.0020813871961991026
Structure 80: -232.343692822018 -232.32952880859375 -5.80859232055045 -5.808238220214844 40 0.014164013424249333
Structure 81: -232.539107849938 -232.53672790527344 -5.81347769624845 -5.813418197631836 40 0.0023799446645682565
Structure 82: -232.154775986935 -232.1494903564453 -5.803869399673375 -5.8037372589111325 40 0.0052856304896806705
Structure 83: -232.155267061869 -232.15386962890625 -5.803881676546725 -5.803846740722657 40 0.0013974329627615134
Structure 84: -232.388357518576 -232.37045288085938 -5.8097089379644 -5.809261322021484 40 0.01790463771661166
Structure 85: -232.387859943039 -232.37075805664062 -5.809696498575975 -5.809268951416016 40 0.01710188639836474
Structure 86: -232.509287978624 -232.48519897460938 -5.8127321994656 -5.812129974365234 40 0.02408900401462688
Structure 87: -232.45070957439 -232.4407501220703 -5.81126773935975 -5.811018753051758 40 0.009959452319691309
Structure 88: -232.445218928806 -232.43472290039062 -5.8111304732201505 -5.8108680725097654 40 0.010496028415388992
Structure 89: -232.139084948227 -232.11520385742188 -5.803477123705675 -5.802880096435547 40 0.023881090805133454
Structure 90: -232.040805406628 -232.0323486328125 -5.8010201351657 -5.800808715820312 40 0.008456773815510132
Structure 91: -232.236246872941 -232.2305450439453 -5.8059061718235245 -5.805763626098633 40 0.005701828995682945
Structure 92: -231.927185240536 -231.92771911621094 -5.7981796310134 -5.798192977905273 40 0.0005338756749324602
Structure 93: -231.577744178678 -231.58204650878906 -5.78944360446695 -5.789551162719727 40 0.004302330111073616
Structure 94: -231.943722742733 -231.93666076660156 -5.798593068568325 -5.798416519165039 40 0.007061976131438996
Structure 95: -231.960965344093 -231.93069458007812 -5.799024133602325 -5.798267364501953 40 0.03027076401488671
Structure 96: -232.111603240628 -232.10089111328125 -5.8027900810157 -5.802522277832031 40 0.010712127346749867
Structure 97: -232.348594956973 -232.3447723388672 -5.808714873924325 -5.8086193084716795 40 0.003822618105800757
Structure 98: -232.460333116003 -232.45997619628906 -5.811508327900075 -5.811499404907226 40 0.0003569197139370317
Structure 99: -231.679562269106 -231.64613342285156 -5.791989056727649 -5.791153335571289 40 0.03342884625442366
Structure 100: -232.239998548852 -232.24073791503906 -5.8059999637213 -5.806018447875976 40 0.0007393661870764845
Structure 1: -231.388583028893 -231.36383056640625 -5.784714575722325 -5.784095764160156 40 0.02475246248675944
Structure 2: -231.035512603041 -231.04376220703125 -5.775887815076025 -5.776094055175781 40 0.008249603990236665
Structure 3: -230.699595615348 -230.70314025878906 -5.7674898903836995 -5.767578506469727 40 0.003544643441074413
Structure 4: -231.55099054343 -231.54299926757812 -5.78877476358575 -5.788574981689453 40 0.007991275851878754
Structure 5: -231.569859231844 -231.57305908203125 -5.7892464807961 -5.789326477050781 40 0.00319985018725788
Structure 6: -231.456348325635 -231.46229553222656 -5.786408708140875 -5.786557388305664 40 0.00594720659157133
Structure 7: -232.062438503628 -232.07630920410156 -5.8015609625907 -5.801907730102539 40 0.01387070047357497
Structure 8: -231.254758201663 -231.2198944091797 -5.781368955041575 -5.780497360229492 40 0.034863792483321276
Structure 9: -231.730263186626 -231.73463439941406 -5.79325657966565 -5.793365859985352 40 0.004371212788072398
Structure 10: -231.558752573328 -231.55267333984375 -5.7889688143332005 -5.788816833496094 40 0.006079233484257429
Structure 11: -231.742822813692 -231.75071716308594 -5.7935705703422995 -5.793767929077148 40 0.007894349393950506
Structure 12: -232.347680453662 -232.36582946777344 -5.8086920113415506 -5.809145736694336 40 0.01814901411142955
Structure 13: -231.853521321485 -231.86415100097656 -5.7963380330371255 -5.796603775024414 40 0.010629679491557908
Structure 14: -231.554992551617 -231.578125 -5.788874813790425 -5.789453125 40 0.023132448382995108
Structure 15: -231.828203857673 -231.84848022460938 -5.795705096441825 -5.796212005615234 40 0.020276366936371915
Structure 16: -230.700307883606 -230.68661499023438 -5.76750769709015 -5.7671653747558596 40 0.013692893371626269
Structure 17: -230.907304147178 -230.8869171142578 -5.77268260367945 -5.772172927856445 40 0.0203870329201834
Structure 18: -230.846505892747 -230.85252380371094 -5.771162647318675 -5.771313095092774 40 0.00601791096394777
Structure 19: -231.384760086839 -231.33975219726562 -5.784619002170976 -5.7834938049316404 40 0.045007889573383864
Structure 20: -231.687802339293 -231.6719512939453 -5.792195058482325 -5.791798782348633 40 0.015851045347687887
Structure 21: -230.616579838468 -230.58433532714844 -5.7654144959617 -5.764608383178711 40 0.0322445113195613
Structure 22: -231.724669515388 -231.7026824951172 -5.7931167378847 -5.7925670623779295 40 0.021987020270813673
Structure 23: -231.551127342158 -231.55487060546875 -5.78877818355395 -5.788871765136719 40 0.003743263310752809
Structure 24: -231.412818323646 -231.4418487548828 -5.78532045809115 -5.7860462188720705 40 0.029030431236805043
Structure 25: -231.381547905003 -231.38311767578125 -5.784538697625075 -5.784577941894531 40 0.0015697707782464931
Structure 26: -231.221337167997 -231.18215942382812 -5.7805334291999255 -5.779553985595703 40 0.039177744168881645
Structure 27: -231.859169641502 -231.84259033203125 -5.7964792410375505 -5.796064758300782 40 0.016579309470756698
Structure 28: -231.586087529678 -231.57057189941406 -5.78965218824195 -5.789264297485351 40 0.0155156302639341
Structure 29: -231.173224125632 -231.17088317871094 -5.7793306031408 -5.779272079467773 40 0.0023409469210662337
Structure 30: -231.051964665683 -231.05209350585938 -5.7762991166420745 -5.776302337646484 40 0.0001288401763872571
Structure 31: -230.598847129862 -230.5867462158203 -5.76497117824655 -5.764668655395508 40 0.012100914041695887
Structure 32: -231.841311778684 -231.82608032226562 -5.7960327944671 -5.79565200805664 40 0.015231456418376865
Structure 33: -230.765126832208 -230.78733825683594 -5.7691281708052005 -5.769683456420898 40 0.022211424627926135
Structure 34: -230.468492409869 -230.48898315429688 -5.7617123102467245 -5.762224578857422 40 0.020490744427888785
Structure 35: -231.213613946667 -231.205078125 -5.780340348666675 -5.780126953125 40 0.008535821667010168
Structure 36: -231.549196871507 -231.54708862304688 -5.7887299217876755 -5.788677215576172 40 0.002108248460132245
Structure 37: -230.673002462194 -230.69232177734375 -5.76682506155485 -5.767308044433594 40 0.019319315149743943
Structure 38: -231.747733871736 -231.7080078125 -5.7936933467933995 -5.7927001953125 40 0.03972605923598849
Structure 39: -230.766527041043 -230.78948974609375 -5.769163176026074 -5.769737243652344 40 0.022962705050758814
Structure 40: -231.869286494351 -231.85189819335938 -5.796732162358775 -5.796297454833985 40 0.017388300991626693
Structure 41: -231.108304962705 -231.1069793701172 -5.7777076240676255 -5.7776744842529295 40 0.0013255925878183916
Structure 42: -230.738599879827 -230.7206268310547 -5.768464996995675 -5.768015670776367 40 0.01797304877231909
Structure 43: -231.037920080009 -231.01438903808594 -5.775948002000225 -5.775359725952148 40 0.023531041923064322
Structure 44: -230.809907782641 -230.7742919921875 -5.7702476945660255 -5.769357299804687 40 0.03561579045350527
Structure 45: -231.270106192474 -231.240966796875 -5.78175265481185 -5.781024169921875 40 0.029139395599003137
Structure 46: -230.653283679785 -230.63258361816406 -5.7663320919946255 -5.765814590454101 40 0.020700061620942733
Structure 47: -230.942871986314 -230.93663024902344 -5.77357179965785 -5.773415756225586 40 0.006241737290565652
Structure 48: -231.071943779141 -231.0367431640625 -5.776798594478525 -5.775918579101562 40 0.03520061507850869
Structure 49: -230.963366694217 -230.94361877441406 -5.774084167355425 -5.773590469360352 40 0.01974791980293844
Structure 50: -230.331704095581 -230.3311309814453 -5.758292602389525 -5.758278274536133 40 0.0005731141356761782
Structure 51: -229.996513514874 -230.007568359375 -5.74991283787185 -5.750189208984375 40 0.011054844500989702
Structure 52: -231.030635973548 -230.98373413085938 -5.775765899338699 -5.774593353271484 40 0.046901842688612305
Structure 53: -231.447749552739 -231.4361572265625 -5.786193738818475 -5.7859039306640625 40 0.011592326176497636
Structure 54: -231.229287253947 -231.2022705078125 -5.780732181348675 -5.780056762695312 40 0.027016746134506775
Structure 55: -230.911778299996 -230.91680908203125 -5.7727944574999 -5.772920227050781 40 0.005030782035248649
Structure 56: -230.457109253257 -230.45079040527344 -5.761427731331425 -5.761269760131836 40 0.006318847983550313
Structure 57: -230.233015473517 -230.250732421875 -5.755825386837925 -5.756268310546875 40 0.017716948357985984
Structure 58: -230.347836943947 -230.393798828125 -5.758695923598674 -5.759844970703125 40 0.045961884178012724
Structure 59: -230.223071952663 -230.27584838867188 -5.755576798816575 -5.756896209716797 40 0.05277643600888382
Structure 60: -230.829920004035 -230.85972595214844 -5.770748000100875 -5.771493148803711 40 0.02980594811344872
Structure 61: -230.013091718996 -230.03480529785156 -5.7503272929749 -5.750870132446289 40 0.021713578855553806
Structure 62: -230.949288623699 -230.9376220703125 -5.773732215592475 -5.773440551757813 40 0.011666553386504575
Structure 63: -231.450117068816 -231.4549102783203 -5.7862529267204 -5.7863727569580075 40 0.0047932095042995115
Structure 64: -230.47959805248 -230.48753356933594 -5.761989951312 -5.762188339233399 40 0.007935516855951619
Structure 65: -231.034731023028 -231.03585815429688 -5.7758682755757 -5.775896453857422 40 0.001127131268873427
Structure 66: -230.713203861291 -230.69869995117188 -5.767830096532275 -5.767467498779297 40 0.014503910119117336
Structure 67: -230.101853885863 -230.08355712890625 -5.752546347146575 -5.752088928222657 40 0.01829675695674382
Structure 68: -230.399650567335 -230.41461181640625 -5.759991264183375 -5.760365295410156 40 0.014961249071262728
Structure 69: -230.981714495894 -230.99951171875 -5.77454286239735 -5.77498779296875 40 0.017797222855989503
Structure 70: -230.619647452106 -230.6129150390625 -5.76549118630265 -5.765322875976563 40 0.006732413043494034
Structure 71: -230.614528255654 -230.60101318359375 -5.76536320639135 -5.765025329589844 40 0.013515072060243938
Structure 72: -230.895838388562 -230.90623474121094 -5.77239595971405 -5.772655868530274 40 0.010396352648939455
Structure 73: -230.045495553539 -230.04977416992188 -5.751137388838475 -5.751244354248047 40 0.00427861638286231
Structure 74: -229.990581404563 -229.9736328125 -5.749764535114075 -5.7493408203125 40 0.016948592062988155
Structure 75: -230.113987613258 -230.12620544433594 -5.75284969033145 -5.753155136108399 40 0.012217831077947494
Structure 76: -230.686823647709 -230.7052001953125 -5.767170591192725 -5.767630004882813 40 0.018376547603509152
Structure 77: -230.687395599642 -230.73193359375 -5.76718488999105 -5.76829833984375 40 0.04453799410799775
Structure 78: -229.829570565962 -229.9052734375 -5.74573926414905 -5.7476318359375 40 0.07570287153799882
Structure 79: -230.29264323703 -230.352783203125 -5.75731608092575 -5.758819580078125 40 0.060139966094993724
Structure 80: -231.002079577534 -231.0211944580078 -5.77505198943835 -5.775529861450195 40 0.019114880473807716
Structure 81: -230.196596518115 -230.20687866210938 -5.754914912952875 -5.7551719665527346 40 0.010282143994373882
Structure 82: -229.920663835306 -229.9553680419922 -5.74801659588265 -5.748884201049805 40 0.03470420668620022
Structure 83: -229.761814860503 -229.77561950683594 -5.744045371512575 -5.744390487670898 40 0.013804646332943094
Structure 84: -230.141753056487 -230.12765502929688 -5.753543826412175 -5.753191375732422 40 0.01409802719012987
Structure 85: -229.728707641771 -229.6883087158203 -5.743217691044275 -5.742207717895508 40 0.04039892595068295
Structure 86: -230.038832849415 -230.0894317626953 -5.750970821235375 -5.752235794067383 40 0.05059891328031085
Structure 87: -229.886285984889 -229.94924926757812 -5.747157149622225 -5.748731231689453 40 0.06296328268911111
Structure 88: -230.343612948047 -230.3418731689453 -5.758590323701175 -5.758546829223633 40 0.0017397791016833253
Structure 89: -230.01245383011 -230.00747680664062 -5.75031134575275 -5.750186920166016 40 0.004977023469365349
Structure 90: -229.957613808794 -229.93106079101562 -5.74894034521985 -5.7482765197753904 40 0.026553017778383037
Structure 91: -230.035794280673 -230.0043182373047 -5.750894857016825 -5.750107955932617 40 0.03147604336831478
Structure 92: -229.336382451067 -229.32456970214844 -5.733409561276675 -5.733114242553711 40 0.011812748918572424
Structure 93: -229.39245327891 -229.38967895507812 -5.73481133197275 -5.734741973876953 40 0.0027743238318862495
Structure 94: -229.127519225171 -229.11453247070312 -5.728187980629275 -5.727863311767578 40 0.012986754467874562
Structure 95: -230.705184041908 -230.7099151611328 -5.7676296010477 -5.76774787902832 40 0.004731119224800295
Structure 96: -230.792735432427 -230.78521728515625 -5.769818385810675 -5.769630432128906 40 0.007518147270758391
Structure 97: -229.616780406373 -229.66970825195312 -5.740419510159326 -5.741742706298828 40 0.05292784558011476
Structure 98: -230.1833827066 -230.15713500976562 -5.754584567665001 -5.753928375244141 40 0.02624769683438899
Structure 99: -230.077990038772 -230.06805419921875 -5.7519497509693 -5.751701354980469 40 0.009935839553236292
Structure 100: -230.035655812862 -230.02713012695312 -5.75089139532155 -5.750678253173828 40 0.008525685908864489
Structure 1: -229.081012880953 -229.07810974121094 -5.727025322023826 -5.726952743530274 40 0.0029031397420737903
Structure 2: -229.978210443565 -230.01589965820312 -5.749455261089125 -5.750397491455078 40 0.03768921463813513
Structure 3: -230.018417753563 -230.0170440673828 -5.750460443839075 -5.75042610168457 40 0.0013736861801874056
Structure 4: -229.939426270379 -229.8627166748047 -5.748485656759475 -5.746567916870117 40 0.07670959557430024
Structure 5: -229.374135563623 -229.39169311523438 -5.734353389090575 -5.734792327880859 40 0.017557551611361077
Structure 6: -228.996657877855 -229.0192108154297 -5.724916446946375 -5.725480270385742 40 0.02255293757468735
Structure 7: -229.623192798688 -229.64109802246094 -5.7405798199672 -5.741027450561523 40 0.017905223772942236
Structure 8: -229.152133793796 -229.1458282470703 -5.7288033448449 -5.728645706176758 40 0.006305546725684508
Structure 9: -229.165014254562 -229.11402893066406 -5.72912535636405 -5.727850723266601 40 0.05098532389794741
Structure 10: -229.194554455833 -229.18246459960938 -5.729863861395826 -5.729561614990234 40 0.012089856223639117
Structure 11: -229.061185741186 -229.0354461669922 -5.72652964352965 -5.7258861541748045 40 0.025739574193806902
Structure 12: -229.303475302077 -229.2761688232422 -5.732586882551925 -5.731904220581055 40 0.027306478834816517
Structure 13: -229.767156491136 -229.76158142089844 -5.7441789122784 -5.744039535522461 40 0.00557507023756898
Structure 14: -228.961989652766 -228.92047119140625 -5.72404974131915 -5.723011779785156 40 0.04151846135974324
Structure 15: -228.383668693197 -228.4454803466797 -5.709591717329925 -5.711137008666992 40 0.061811653482692464
Structure 16: -228.742244086337 -228.80718994140625 -5.718556102158425 -5.720179748535156 40 0.06494585506925432
Structure 17: -228.989664681401 -229.02554321289062 -5.724741617035025 -5.725638580322266 40 0.035878531489629495
Structure 18: -228.842559378019 -228.81143188476562 -5.721063984450475 -5.720285797119141 40 0.031127493253364946
Structure 19: -229.65764790785 -229.71524047851562 -5.74144119769625 -5.742881011962891 40 0.0575925706656335
Structure 20: -228.331278088568 -228.3050994873047 -5.7082819522142 -5.707627487182617 40 0.026178601263325163
Structure 21: -228.978129721778 -228.99481201171875 -5.72445324304445 -5.724870300292968 40 0.016682289940746386
Structure 22: -227.972594703504 -228.01266479492188 -5.6993148675876 -5.700316619873047 40 0.04007009141787421
Structure 23: -228.972438603916 -228.93234252929688 -5.7243109650979 -5.723308563232422 40 0.040096074619128785
Structure 24: -227.737231278967 -227.7886962890625 -5.6934307819741745 -5.6947174072265625 40 0.0514650100955123
Structure 25: -228.635932461475 -228.65249633789062 -5.715898311536875 -5.716312408447266 40 0.016563876415631285
Structure 26: -228.312442859198 -228.33761596679688 -5.70781107147995 -5.7084403991699215 40 0.025173107598874367
Structure 27: -226.152209212734 -226.15870666503906 -5.6538052303183495 -5.653967666625976 40 0.006497452305069373
Structure 28: -226.848148903911 -226.93353271484375 -5.671203722597776 -5.673338317871094 40 0.08538381093273983
Structure 29: -227.813809121093 -227.81211853027344 -5.695345228027325 -5.695302963256836 40 0.0016905908195496977
Structure 30: -227.024366781385 -227.0262908935547 -5.675609169534625 -5.675657272338867 40 0.0019241121696893515
Structure 31: -228.293560166931 -228.22264099121094 -5.707339004173275 -5.705566024780273 40 0.07091917572006423
Structure 32: -228.580358280095 -228.53919982910156 -5.714508957002375 -5.713479995727539 40 0.041158450993435736
Structure 33: -228.533400109147 -228.54803466796875 -5.713335002728675 -5.713700866699218 40 0.014634558821740029
Structure 34: -228.701445048857 -228.69898986816406 -5.717536126221425 -5.717474746704101 40 0.0024551806929480335
Structure 35: -227.981170870014 -227.96339416503906 -5.69952927175035 -5.699084854125976 40 0.017776704974949098
Structure 36: -228.818079422643 -228.8400115966797 -5.720451985566075 -5.721000289916992 40 0.02193217403669223
Structure 37: -228.459586183919 -228.43063354492188 -5.711489654597974 -5.710765838623047 40 0.028952638997111535
Structure 38: -228.336783887738 -228.35763549804688 -5.7084195971934495 -5.708940887451172 40 0.020851610308881163
Structure 39: -227.739890521989 -227.79592895507812 -5.693497263049725 -5.694898223876953 40 0.05603843308912815
Structure 40: -229.258453351278 -229.17138671875 -5.73146133378195 -5.72928466796875 40 0.08706663252800695
Structure 41: -227.371734555592 -227.3321990966797 -5.6842933638898 -5.683304977416992 40 0.039535458912325794
Structure 42: -226.230251468849 -226.2428436279297 -5.655756286721225 -5.6560710906982425 40 0.012592159080696774
Structure 43: -225.903256580488 -225.90513610839844 -5.6475814145122 -5.647628402709961 40 0.0018795279104324436
Structure 44: -227.05933188177 -226.99899291992188 -5.67648329704425 -5.674974822998047 40 0.06033896184811738
Structure 45: -226.424575899233 -226.3763427734375 -5.660614397480825 -5.6594085693359375 40 0.048233125795491105
Structure 46: -227.532388592292 -227.57237243652344 -5.6883097148073 -5.689309310913086 40 0.0399838442314433
Structure 47: -227.868037671622 -227.86732482910156 -5.69670094179055 -5.696683120727539 40 0.0007128425204427913
Structure 48: -227.392730718515 -227.42010498046875 -5.684818267962875 -5.685502624511718 40 0.02737426195375292
Structure 49: -228.06044726749 -228.00741577148438 -5.70151118168725 -5.700185394287109 40 0.05303149600561596
Structure 50: -226.872579739713 -226.8898162841797 -5.671814493492825 -5.6722454071044925 40 0.01723654446669798
Structure 51: -227.758752304246 -227.7740478515625 -5.69396880760615 -5.6943511962890625 40 0.01529554731649796
Structure 52: -228.890615136363 -228.9120635986328 -5.722265378409075 -5.722801589965821 40 0.02144846226980235
Structure 53: -226.701217589653 -226.72207641601562 -5.667530439741325 -5.668051910400391 40 0.020858826362626814
Structure 54: -226.496171536164 -226.45175170898438 -5.6624042884041 -5.661293792724609 40 0.044419827179638105
Structure 55: -227.846726740674 -227.88417053222656 -5.69616816851685 -5.697104263305664 40 0.037443791552561834
Structure 56: -227.373062915634 -227.42364501953125 -5.68432657289085 -5.685591125488282 40 0.05058210389725559
Structure 57: -228.745283095712 -228.77223205566406 -5.7186320773928 -5.719305801391601 40 0.026948959952051155
Structure 58: -226.644956442302 -226.6083221435547 -5.66612391105755 -5.665208053588867 40 0.03663429874731605
Structure 59: -226.557577534259 -226.6963348388672 -5.663939438356475 -5.66740837097168 40 0.13875730460819113
Structure 60: -226.987331380602 -227.03155517578125 -5.67468328451505 -5.675788879394531 40 0.04422379517924924
Structure 61: -225.998141609925 -226.00559997558594 -5.649953540248125 -5.650139999389649 40 0.007458365660937716
Structure 62: -226.576400172322 -226.63597106933594 -5.66441000430805 -5.665899276733398 40 0.05957089701394125
Structure 63: -227.224677636979 -227.22665405273438 -5.680616940924475 -5.68066635131836 40 0.001976415755365224
Structure 64: -227.416044232763 -227.51075744628906 -5.685401105819075 -5.687768936157227 40 0.0947132135260631
Structure 65: -227.660646998913 -227.71835327148438 -5.691516174972825 -5.692958831787109 40 0.05770627257138017
Structure 66: -225.846917457282 -225.92764282226562 -5.64617293643205 -5.64819107055664 40 0.08072536498363547
Structure 67: -226.904877363835 -227.1647491455078 -5.672621934095875 -5.679118728637695 40 0.259871781672814
Structure 68: -224.826472594075 -224.9208984375 -5.620661814851875 -5.6230224609375 40 0.09442584342500027
Structure 69: -226.104644533727 -226.25839233398438 -5.652616113343175 -5.656459808349609 40 0.15374780025737778
Structure 70: -226.749216145523 -226.77267456054688 -5.668730403638075 -5.6693168640136715 40 0.023458415023867474
Structure 71: -225.999716499937 -226.0570068359375 -5.6499929124984245 -5.651425170898437 40 0.057290336000505704
Structure 72: -227.199381324979 -227.19921875 -5.6799845331244745 -5.67998046875 40 0.00016257497898664042
Structure 73: -226.289833536212 -226.36068725585938 -5.6572458384053 -5.659017181396484 40 0.07085371964737419
Structure 74: -226.493805592218 -226.49749755859375 -5.66234513980545 -5.662437438964844 40 0.0036919663757544186
Structure 75: -226.684711515933 -226.6830291748047 -5.667117787898325 -5.667075729370117 40 0.0016823411283155565
Structure 76: -226.116810064348 -226.11627197265625 -5.6529202516087 -5.652906799316407 40 0.0005380916917374634
Structure 77: -226.000080027661 -225.99327087402344 -5.650002000691525 -5.649831771850586 40 0.006809153637561849
Structure 78: -225.510080158245 -225.65142822265625 -5.637752003956125 -5.641285705566406 40 0.14134806441126102
Structure 79: -224.989985746084 -225.0750732421875 -5.6247496436521 -5.6268768310546875 40 0.08508749610351174
Structure 80: -224.806513765223 -224.8798828125 -5.620162844130575 -5.6219970703125 40 0.07336904727699789
Structure 1: -244.159774558038 -244.1676025390625 -6.10399436395095 -6.104190063476563 40 0.007827981024490782
Structure 2: -244.357657583827 -244.3766326904297 -6.108941439595675 -6.109415817260742 40 0.018975106602681535
Structure 3: -244.235212180556 -244.2610626220703 -6.1058803045139 -6.106526565551758 40 0.02585044151430793
Structure 4: -244.449701608431 -244.47499084472656 -6.1112425402107755 -6.111874771118164 40 0.025289236295549244
Structure 5: -244.557773601482 -244.5673370361328 -6.11394434003705 -6.11418342590332 40 0.009563434650800673
Structure 6: -243.764353342431 -243.81985473632812 -6.094108833560775 -6.095496368408203 40 0.05550139389711717
Structure 7: -244.40540760859 -244.4365997314453 -6.11013519021475 -6.110914993286133 40 0.03119212285531603
Structure 8: -243.779858128515 -243.8055419921875 -6.094496453212875 -6.0951385498046875 40 0.025683863672497864
Structure 9: -244.000485061048 -244.03456115722656 -6.100012126526201 -6.100864028930664 40 0.03407609617855201
Structure 10: -243.831854804928 -243.87220764160156 -6.0957963701232005 -6.096805191040039 40 0.04035283667354861
Structure 11: -243.918096107644 -243.9389190673828 -6.0979524026911 -6.098472976684571 40 0.020822959738808322
Structure 12: -244.449029653297 -244.4600830078125 -6.111225741332425 -6.111502075195313 40 0.011053354515496494
Structure 13: -243.620865586341 -243.61927795410156 -6.090521639658525 -6.090481948852539 40 0.0015876322394490217
Structure 14: -244.179913023345 -244.1976776123047 -6.104497825583625 -6.104941940307617 40 0.01776458895969313
Structure 15: -244.245058708735 -244.26931762695312 -6.106126467718375 -6.106732940673828 40 0.024258918218123426
Structure 16: -243.528762499269 -243.5761260986328 -6.088219062481725 -6.08940315246582 40 0.04736359936381973
Structure 17: -243.598944271413 -243.6061553955078 -6.089973606785325 -6.0901538848876955 40 0.0072111240948231625
Structure 18: -243.698262336306 -243.7305145263672 -6.092456558407649 -6.09326286315918 40 0.03225219006120028
Structure 19: -243.392736157322 -243.36871337890625 -6.08481840393305 -6.084217834472656 40 0.024022778415741186
Structure 20: -244.253159978314 -244.2442169189453 -6.106328999457849 -6.1061054229736325 40 0.008943059368675677
Structure 21: -243.6708641634 -243.66770935058594 -6.091771604085 -6.091692733764648 40 0.0031548128140741483
Structure 22: -243.673938315635 -243.72396850585938 -6.091848457890875 -6.093099212646484 40 0.05003019022436206
Structure 23: -243.917189842357 -243.92811584472656 -6.0979297460589255 -6.098202896118164 40 0.010926002369558319
Structure 24: -243.89367409049 -243.94862365722656 -6.09734185226225 -6.098715591430664 40 0.05494956673655338
Structure 25: -243.378786066645 -243.40907287597656 -6.084469651666125 -6.085226821899414 40 0.030286809331556697
Structure 26: -243.018195239452 -243.0354766845703 -6.0754548809863005 -6.075886917114258 40 0.0172814451183001
Structure 27: -243.847410812308 -243.86233520507812 -6.0961852703077 -6.096558380126953 40 0.01492439277012636
Structure 28: -243.494725684544 -243.5612030029297 -6.0873681421136 -6.089030075073242 40 0.0664773183856937
Structure 29: -242.971988567117 -243.00050354003906 -6.074299714177925 -6.075012588500977 40 0.028514972922067727
Structure 30: -243.447614128949 -243.512451171875 -6.086190353223725 -6.087811279296875 40 0.06483704292600123
Structure 31: -243.131838479498 -243.21014404296875 -6.0782959619874495 -6.080253601074219 40 0.07830556347076367
Structure 32: -243.462661988149 -243.54505920410156 -6.086566549703725 -6.088626480102539 40 0.0823972159525681
Structure 33: -243.478928745895 -243.5349884033203 -6.086973218647374 -6.0883747100830075 40 0.056059657425322484
Structure 34: -243.762641327377 -243.80625915527344 -6.094066033184425 -6.095156478881836 40 0.04361782789644053
Structure 35: -244.493990772125 -244.5438232421875 -6.112349769303124 -6.113595581054687 40 0.0498324700625119
Structure 36: -243.253085292123 -243.28860473632812 -6.081327132303075 -6.082215118408203 40 0.03551944420513564
Structure 37: -243.17696597895 -243.1739501953125 -6.07942414947375 -6.079348754882813 40 0.003015783637493996
Structure 38: -243.713893170374 -243.7097625732422 -6.09284732925935 -6.092744064331055 40 0.004130597131819513
Structure 39: -243.925928074084 -243.9330291748047 -6.0981482018521 -6.098325729370117 40 0.007101100720689146
Structure 40: -243.540691570402 -243.62107849121094 -6.08851728926005 -6.090526962280274 40 0.08038692080893384
Structure 41: -242.837480657576 -242.8675537109375 -6.0709370164394 -6.071688842773438 40 0.03007305336149102
Structure 42: -242.889048969804 -242.96145629882812 -6.0722262242451 -6.074036407470703 40 0.0724073290241165
Structure 43: -242.618328393903 -242.72335815429688 -6.065458209847575 -6.068083953857422 40 0.1050297603938759
Structure 44: -242.533715035301 -242.60353088378906 -6.063342875882524 -6.065088272094727 40 0.06981584848807643
Structure 45: -244.044045433244 -244.08517456054688 -6.1011011358311 -6.102129364013672 40 0.041129127302866664
Structure 46: -243.313231611344 -243.35202026367188 -6.0828307902836 -6.083800506591797 40 0.03878865232786666
Structure 47: -243.18562522204 -243.216796875 -6.079640630550999 -6.080419921875 40 0.031171652960011897
Structure 48: -243.457415703544 -243.48289489746094 -6.0864353925886 -6.087072372436523 40 0.025479193916936538
Structure 49: -243.095983691006 -243.1102294921875 -6.0773995922751505 -6.077755737304687 40 0.014245801181488105
Structure 50: -243.222745185769 -243.2359161376953 -6.080568629644225 -6.0808979034423825 40 0.013170951926298358
Structure 51: -243.073098822075 -243.1036834716797 -6.0768274705518746 -6.077592086791992 40 0.030584649604691094
Structure 52: -243.532065755324 -243.56446838378906 -6.0883016438831 -6.089111709594727 40 0.032402628465064254
Structure 53: -243.437421780172 -243.45094299316406 -6.0859355445043 -6.086273574829102 40 0.013521212992060327
Structure 54: -243.569593992293 -243.6103057861328 -6.089239849807325 -6.09025764465332 40 0.04071179383981871
Structure 55: -243.293925888072 -243.3531494140625 -6.082348147201801 -6.083828735351562 40 0.059223525990489634
Structure 56: -242.691985147119 -242.6727752685547 -6.067299628677975 -6.066819381713867 40 0.01920987856431111
Structure 57: -242.034639674255 -242.10684204101562 -6.050865991856375 -6.05267105102539 40 0.07220236676062086
Structure 58: -242.093730345441 -242.08758544921875 -6.052343258636025 -6.052189636230469 40 0.0061448962222527825
Structure 59: -241.98708918476 -241.98692321777344 -6.049677229619 -6.049673080444336 40 0.00016596698657167508
Structure 60: -241.335240611799 -241.39268493652344 -6.033381015294975 -6.034817123413086 40 0.05744432472442895
Structure 61: -240.950067417863 -240.92674255371094 -6.023751685446575 -6.023168563842773 40 0.023324864152073133
Structure 62: -242.914522949011 -242.92555236816406 -6.072863073725275 -6.073138809204101 40 0.011029419153061326
Structure 63: -242.387137941896 -242.4093475341797 -6.0596784485474 -6.060233688354492 40 0.02220959228370134
Structure 64: -243.115011446072 -243.13352966308594 -6.0778752861518 -6.078338241577148 40 0.01851821701393419
Structure 65: -243.742166204664 -243.73651123046875 -6.0935541551166 -6.093412780761719 40 0.005654974195238083
Structure 66: -242.550345217922 -242.5881805419922 -6.06375863044805 -6.064704513549804 40 0.03783532407018697
Structure 67: -242.449361865341 -242.46612548828125 -6.061234046633524 -6.061653137207031 40 0.016763622940260348
Structure 68: -242.258528185714 -242.27066040039062 -6.05646320464285 -6.056766510009766 40 0.012132214676626063
Structure 69: -240.971068823486 -241.00225830078125 -6.02427672058715 -6.025056457519531 40 0.031189477295242796
Structure 70: -240.170107067146 -240.2286376953125 -6.00425267667865 -6.005715942382812 40 0.058530628166494125
Structure 71: -240.990600179941 -241.0794219970703 -6.024765004498525 -6.026985549926758 40 0.0888218171293147
Structure 72: -242.414042031412 -242.44895935058594 -6.0603510507853 -6.061223983764648 40 0.03491731917392826
Structure 73: -242.651186133216 -242.72825622558594 -6.066279653330399 -6.068206405639648 40 0.07707009236995077
Structure 74: -242.797334221506 -242.83847045898438 -6.06993335553765 -6.070961761474609 40 0.041136237478383464
Structure 75: -243.518920947794 -243.59744262695312 -6.0879730236948495 -6.089936065673828 40 0.0785216791591381
Structure 76: -242.360266588408 -242.4031219482422 -6.0590066647102 -6.060078048706055 40 0.042855359834192086
Structure 77: -241.562734922998 -241.58660888671875 -6.03906837307495 -6.039665222167969 40 0.023873963720745905
Structure 78: -242.177064939071 -242.18191528320312 -6.0544266234767745 -6.054547882080078 40 0.004850344132137252
Structure 79: -242.430881877173 -242.41098022460938 -6.0607720469293245 -6.060274505615235 40 0.0199016525636182
Structure 80: -241.498075827169 -241.4935760498047 -6.037451895679225 -6.037339401245117 40 0.00449977736431606
Structure 81: -242.464218431753 -242.49676513671875 -6.0616054607938255 -6.062419128417969 40 0.03254670496573908
Structure 82: -242.042714430743 -242.0800018310547 -6.051067860768574 -6.052000045776367 40 0.03728740031169764
Structure 83: -241.144475300516 -241.1173553466797 -6.0286118825129 -6.027933883666992 40 0.027119953836319155
Structure 84: -241.249628357058 -241.26065063476562 -6.0312407089264495 -6.031516265869141 40 0.01102227770763875
Structure 85: -240.440316924421 -240.45909118652344 -6.011007923110525 -6.011477279663086 40 0.01877426210242561
Structure 86: -240.473347956415 -240.5185089111328 -6.011833698910375 -6.012962722778321 40 0.045160954717800905
Structure 87: -242.441859674003 -242.4884796142578 -6.0610464918500755 -6.062211990356445 40 0.046619940254799985
Structure 88: -242.248224097053 -242.2232208251953 -6.056205602426325 -6.055580520629883 40 0.025003271857684695
Structure 89: -241.871782217902 -241.8685760498047 -6.0467945554475495 -6.046714401245117 40 0.003206168097307227
Structure 90: -242.216941486506 -242.22581481933594 -6.05542353716265 -6.055645370483399 40 0.008873332829949732
Structure 91: -242.9649720783 -242.92828369140625 -6.0741243019575 -6.073207092285156 40 0.03668838689375775
Structure 92: -241.831161048283 -241.8539276123047 -6.045779026207075 -6.046348190307617 40 0.02276656402167987
Structure 93: -241.306264682784 -241.335205078125 -6.0326566170696 -6.033380126953125 40 0.028940395341010117
Structure 94: -241.433026748293 -241.47154235839844 -6.035825668707325 -6.036788558959961 40 0.038515610105434916
Structure 95: -240.955456165429 -240.9508514404297 -6.023886404135725 -6.023771286010742 40 0.004604724999325072
Structure 96: -241.40210494317 -241.40817260742188 -6.03505262357925 -6.035204315185547 40 0.006067664251872884
Structure 97: -242.653729971373 -242.69923400878906 -6.066343249284325 -6.067480850219726 40 0.04550403741606601
Structure 98: -242.191921181175 -242.281005859375 -6.054798029529374 -6.057025146484375 40 0.08908467820000965
Structure 99: -242.329266637993 -242.38058471679688 -6.058231665949824 -6.0595146179199215 40 0.051318078803888056
Structure 100: -240.441808140935 -240.46534729003906 -6.011045203523375 -6.011633682250976 40 0.023539149104067292
Structure 1: -240.607544784789 -240.69479370117188 -6.0151886196197255 -6.0173698425292965 40 0.08724891638286181
Structure 2: -241.220571586966 -241.2897186279297 -6.03051428967415 -6.032242965698242 40 0.06914704096368496
Structure 3: -241.821863673564 -241.85324096679688 -6.0455465918391 -6.0463310241699215 40 0.031377293232878856
Structure 4: -242.17710230693 -242.2838897705078 -6.05442755767325 -6.057097244262695 40 0.10678746357780255
Structure 5: -241.279795455308 -241.3682098388672 -6.0319948863827 -6.0342052459716795 40 0.08841438355918285
Structure 6: -240.387600368733 -240.486328125 -6.009690009218325 -6.012158203125 40 0.09872775626701014
Structure 7: -240.723134289221 -240.74920654296875 -6.018078357230525 -6.018730163574219 40 0.026072253747742025
Structure 8: -240.410318171305 -240.42257690429688 -6.010257954282625 -6.0105644226074215 40 0.012258732991881516
Structure 9: -241.513254664033 -241.62669372558594 -6.037831366600825 -6.040667343139648 40 0.11343906155292416
Structure 10: -241.111700941141 -241.2022247314453 -6.027792523528525 -6.0300556182861325 40 0.09052379030430302
Structure 11: -241.074462165447 -241.1045379638672 -6.0268615541361745 -6.0276134490966795 40 0.030075798420199362
Structure 12: -241.932056500296 -241.96054077148438 -6.0483014125074 -6.04901351928711 40 0.028484271188375487
Structure 13: -241.686683137063 -241.69496154785156 -6.042167078426575 -6.042374038696289 40 0.008278410788562951
Structure 14: -240.815926479911 -240.78428649902344 -6.020398161997775 -6.019607162475586 40 0.0316399808875758
Structure 15: -240.771158690362 -240.8317108154297 -6.01927896725905 -6.020792770385742 40 0.06055212506768726
Structure 16: -242.050738870344 -241.9734344482422 -6.0512684717586 -6.049335861206055 40 0.077304422101804
Structure 17: -240.969226034102 -240.97796630859375 -6.02423065085255 -6.024449157714844 40 0.008740274491742639
Structure 18: -241.625540525689 -241.65171813964844 -6.040638513142225 -6.041292953491211 40 0.0261776139594474
Structure 19: -240.77896536025 -240.80043029785156 -6.01947413400625 -6.020010757446289 40 0.021464937601564316
Structure 20: -239.13479539306 -239.0917205810547 -5.9783698848265 -5.977293014526367 40 0.043074812005301055
Structure 21: -241.044824213111 -240.989013671875 -6.026120605327775 -6.024725341796875 40 0.05581054123601348
Structure 22: -239.297050467803 -239.2774200439453 -5.982426261695075 -5.981935501098633 40 0.019630423857677215
Structure 23: -238.881266734041 -238.903564453125 -5.972031668351025 -5.972589111328125 40 0.02229771908400835
Structure 24: -238.755536528131 -238.68289184570312 -5.968888413203275 -5.967072296142578 40 0.07264468242786393
Structure 25: -239.531473266208 -239.56651306152344 -5.9882868316552 -5.989162826538086 40 0.035039795315441324
Structure 26: -240.514996421563 -240.4735107421875 -6.012874910539075 -6.011837768554687 40 0.04148567937551206
Structure 27: -240.530352539916 -240.56846618652344 -6.013258813497901 -6.014211654663086 40 0.03811364660742811
Structure 28: -240.051287401393 -240.0185089111328 -6.0012821850348255 -6.0004627227783205 40 0.03277849026019908
Structure 29: -238.925859239254 -239.0025634765625 -5.973146480981351 -5.975064086914062 40 0.07670423730849052
Structure 30: -239.92837325708 -239.94381713867188 -5.998209331427001 -5.998595428466797 40 0.015443881591863828
Structure 31: -469.243531686305 -469.4103088378906 -5.865544146078813 -5.867628860473633 80 0.16677715158562023
Structure 32: -469.326582745027 -469.4944152832031 -5.8665822843128375 -5.868680191040039 80 0.1678325381761283
Structure 33: -469.483443888923 -469.65185546875 -5.868543048611537 -5.870648193359375 80 0.1684115798270227
Structure 34: -469.461211551672 -469.62969970703125 -5.868265144395901 -5.870371246337891 80 0.16848815535922768
Structure 35: -469.410670639016 -469.5764465332031 -5.8676333829877 -5.869705581665039 80 0.1657758941871066
Structure 36: -470.163183811583 -470.2875061035156 -5.8770397976447875 -5.878593826293946 80 0.12432229193262856
Structure 37: -471.211449033857 -471.2879638671875 -5.890143112923212 -5.891099548339843 80 0.07651483333052056
Structure 38: -474.756448929587 -474.755615234375 -5.934455611619837 -5.934445190429687 80 0.0008336952120089336
Structure 39: -476.150316807296 -476.1531677246094 -5.9518789600912 -5.951914596557617 80 0.002850917313367063
Structure 40: -475.815785568248 -475.8236083984375 -5.947697319603099 -5.947795104980469 80 0.00782283018952512
Structure 41: -478.233249226032 -478.2454528808594 -5.9779156153254 -5.978068161010742 80 0.012203654827374066
Structure 42: -478.876754914676 -478.8825378417969 -5.98595943643345 -5.986031723022461 80 0.0057829271208902355
Structure 43: -480.003535652904 -480.03228759765625 -6.0000441956613 -6.000403594970703 80 0.028751944752229974
Structure 44: -480.867015350901 -480.902587890625 -6.0108376918862625 -6.011282348632813 80 0.03557253972400076
Structure 45: -481.710977485669 -481.74566650390625 -6.021387218570863 -6.021820831298828 80 0.034689018237259006
Structure 46: -482.298603386593 -482.3407897949219 -6.0287325423324125 -6.029259872436524 80 0.04218640832885967
Structure 47: -482.167158070351 -482.2104187011719 -6.027089475879388 -6.027630233764649 80 0.04326063082089604
Structure 48: -481.565330849389 -481.6209716796875 -6.0195666356173625 -6.020262145996094 80 0.05564083029850053
Structure 49: -481.673645041163 -481.72412109375 -6.0209205630145375 -6.021551513671875 80 0.05047605258698695
Structure 50: -481.543615123399 -481.59832763671875 -6.019295189042487 -6.019979095458984 80 0.054712513319771006
Structure 51: -481.384956228576 -481.4194641113281 -6.0173119528572006 -6.017743301391602 80 0.034507882752109253
Structure 52: -481.369843516852 -481.41363525390625 -6.01712304396065 -6.017670440673828 80 0.043791737054277746
Structure 53: -481.416335495876 -481.45843505859375 -6.01770419369845 -6.018230438232422 80 0.042099562717737626
Structure 54: -481.205379667142 -481.2532043457031 -6.015067245839274 -6.015665054321289 80 0.04782467856114181
Structure 55: -481.069738508559 -481.1253967285156 -6.013371731356988 -6.014067459106445 80 0.055658219956626453
Structure 56: -481.139517212185 -481.1905212402344 -6.014243965152312 -6.01488151550293 80 0.05100402804936266
Structure 57: -481.055669928857 -481.1014709472656 -6.013195874110712 -6.0137683868408205 80 0.045801018408610616
Structure 58: -480.963596164172 -481.0121154785156 -6.0120449520521495 -6.012651443481445 80 0.04851931434365042
Structure 59: -481.034712115088 -481.0810852050781 -6.0129339014386 -6.013513565063477 80 0.04637308999014067
Structure 60: -481.104848116061 -481.1505432128906 -6.013810601450762 -6.014381790161133 80 0.045695096829604154
Structure 61: -480.885838648257 -480.93511962890625 -6.011072983103213 -6.011688995361328 80 0.049280980649257344
Structure 62: -480.693286759139 -480.7510986328125 -6.008666084489238 -6.009388732910156 80 0.05781187367347229
Structure 63: -481.094876415929 -481.138671875 -6.013685955199112 -6.0142333984375 80 0.04379545907102056
Structure 64: -481.013969825068 -481.0592346191406 -6.01267462281335 -6.0132404327392575 80 0.045264794072636505
Structure 65: -481.132544474156 -481.1894836425781 -6.01415680592695 -6.014868545532226 80 0.05693916842210456
Structure 66: -480.892182184329 -480.948974609375 -6.011152277304112 -6.011862182617188 80 0.05679242504601234
Structure 67: -480.903987521575 -480.9404296875 -6.011299844019687 -6.01175537109375 80 0.036442165924995606
Structure 68: -480.895211089581 -480.9564208984375 -6.011190138619762 -6.011955261230469 80 0.06120980885651761
Structure 69: -480.889580646861 -480.9521484375 -6.011119758085763 -6.01190185546875 80 0.06256779063897966
Structure 70: -481.031451697949 -481.07379150390625 -6.012893146224362 -6.0134223937988285 80 0.04233980595722642
Structure 71: -480.853181936003 -480.89404296875 -6.010664774200038 -6.011175537109375 80 0.04086103274698871
Structure 72: -480.675198212597 -480.7201232910156 -6.008439977657463 -6.009001541137695 80 0.044925078418600606
Structure 73: -480.534848666179 -480.5599670410156 -6.0066856083272375 -6.006999588012695 80 0.025118374836608837
Structure 74: -480.865081860491 -480.9064025878906 -6.010813523256138 -6.011330032348633 80 0.041320727399636326
Structure 75: -480.745974378155 -480.7877502441406 -6.009324679726937 -6.009846878051758 80 0.04177586598564176
Structure 76: -480.601536151211 -480.6442565917969 -6.007519201890138 -6.008053207397461 80 0.042720440585867436
Structure 77: -480.480657284719 -480.53582763671875 -6.006008216058987 -6.0066978454589846 80 0.05517035199977727
Structure 78: -480.577360631483 -480.62066650390625 -6.007217007893537 -6.007758331298828 80 0.043305872423275105
Structure 79: -480.731084784355 -480.78179931640625 -6.009138559804438 -6.009772491455078 80 0.05071453205124499
Structure 80: -480.991825467787 -481.0389404296875 -6.012397818347337 -6.012986755371093 80 0.04711496190049047
Structure 81: -480.65839947998 -480.70330810546875 -6.00822999349975 -6.00879135131836 80 0.04490862548874475
Structure 82: -480.662557948363 -480.7062072753906 -6.008281974354537 -6.008827590942383 80 0.04364932702765145
Structure 83: -480.352314368298 -480.4128112792969 -6.004403929603725 -6.005160140991211 80 0.06049691099889287
Structure 84: -480.411066842269 -480.44097900390625 -6.005138335528363 -6.005512237548828 80 0.029912161637241752
Structure 85: -480.520332809901 -480.5673522949219 -6.006504160123763 -6.007091903686524 80 0.04701948502088271
Structure 86: -480.171589530222 -480.219482421875 -6.002144869127775 -6.002743530273437 80 0.0478928916530208
Structure 87: -480.152482739639 -480.191650390625 -6.001906034245488 -6.0023956298828125 80 0.03916765098597352
Structure 88: -480.020245905653 -480.0556640625 -6.000253073820662 -6.00069580078125 80 0.035418156847015325
Structure 89: -480.574257311564 -480.6258239746094 -6.00717821639455 -6.007822799682617 80 0.051566663045377936
Structure 90: -480.320865451878 -480.35089111328125 -6.004010818148474 -6.004386138916016 80 0.030025661403271897
Structure 91: -480.179902384207 -480.21905517578125 -6.002248779802588 -6.002738189697266 80 0.039152791574224466
Structure 92: -480.385731962837 -480.435302734375 -6.0048216495354625 -6.005441284179687 80 0.049570771538014924
Structure 93: -480.555416128718 -480.6036071777344 -6.006942701608975 -6.007545089721679 80 0.04819104901639548
Structure 94: -480.479492049835 -480.5184631347656 -6.005993650622938 -6.00648078918457 80 0.03897108493060841
Structure 95: -480.216388827728 -480.2690124511719 -6.0027048603466 -6.003362655639648 80 0.05262362344387839
Structure 96: -480.111227538269 -480.14141845703125 -6.001390344228363 -6.00176773071289 80 0.030190918762230012
Structure 97: -479.993162503502 -480.0380859375 -5.999914531293775 -6.00047607421875 80 0.04492343399800802
Structure 98: -480.063776913747 -480.1204528808594 -6.000797211421838 -6.001505661010742 80 0.05667596711236911
Structure 99: -480.24605728568 -480.3024597167969 -6.003075716071001 -6.003780746459961 80 0.05640243111685095
Structure 100: -480.212852226643 -480.2596130371094 -6.002660652833038 -6.003245162963867 80 0.04676081046636682
Structure 1: -480.162004923499 -480.2151794433594 -6.002025061543738 -6.0026897430419925 80 0.053174519860363034
Structure 2: -479.947839022632 -479.98876953125 -5.9993479877829 -5.999859619140625 80 0.04093050861797565
Structure 3: -480.05866380571 -480.1097106933594 -6.000733297571375 -6.001371383666992 80 0.05104688764936327
Structure 4: -479.727026254408 -479.77001953125 -5.9965878281800995 -5.997125244140625 80 0.04299327684202581
Structure 5: -479.67939704773 -479.7072448730469 -5.995992463096625 -5.996340560913086 80 0.02784782531688279
Structure 6: -479.679266679323 -479.7292785644531 -5.995990833491538 -5.996615982055664 80 0.05001188513011812
Structure 7: -480.023796330592 -480.0780334472656 -6.0002974541324 -6.00097541809082 80 0.05423711667361886
Structure 8: -479.551924628009 -479.5963134765625 -5.994399057850112 -5.994953918457031 80 0.044388848553523985
Structure 9: -479.791059584044 -479.8366394042969 -5.9973882448005496 -5.997957992553711 80 0.04557982025289675
Structure 10: -479.783223897426 -479.8215026855469 -5.997290298717825 -5.997768783569336 80 0.03827878812086283
Structure 11: -479.784815394829 -479.8145446777344 -5.9973101924353625 -5.99768180847168 80 0.029729282905350374
Structure 12: -479.898157372609 -479.95172119140625 -5.998726967157612 -5.999396514892578 80 0.053563818797272233
Structure 13: -479.922296694018 -479.98162841796875 -5.999028708675224 -5.9997703552246096 80 0.059331723950776905
Structure 14: -479.968633739234 -480.0173034667969 -5.9996079217404255 -6.000216293334961 80 0.04866972756286714
Structure 15: -480.005778372208 -480.05621337890625 -6.0000722296526 -6.000702667236328 80 0.05043500669825107
Structure 16: -479.757131883132 -479.8121337890625 -5.99696414853915 -5.997651672363281 80 0.05500190593051002
Structure 17: -479.973432573865 -480.0146484375 -5.999667907173313 -6.00018310546875 80 0.041215863634988636
Structure 18: -480.2351155459 -480.2955017089844 -6.00293894432375 -6.003693771362305 80 0.060386163084388045
Structure 19: -479.830273938267 -479.88629150390625 -5.997878424228338 -5.998578643798828 80 0.05601756563925164
Structure 20: -479.72571520842 -479.7759094238281 -5.99657144010525 -5.997198867797851 80 0.050194215408112086
Structure 21: -479.199315907572 -479.23883056640625 -5.98999144884465 -5.990485382080078 80 0.03951465883426408
Structure 22: -479.039374169417 -479.0797424316406 -5.987992177117713 -5.988496780395508 80 0.04036826222363743
Structure 23: -478.805068903417 -478.84368896484375 -5.985063361292712 -5.985546112060547 80 0.038620061426740904
Structure 24: -478.950256915159 -478.9977722167969 -5.986878211439487 -5.987472152709961 80 0.04751530163787265
Structure 25: -479.591632987969 -479.6291198730469 -5.994895412349612 -5.995363998413086 80 0.03748688507789666
Structure 26: -479.751598002513 -479.7826843261719 -5.996894975031412 -5.997283554077148 80 0.031086323658882975
Structure 27: -479.748507417185 -479.8027038574219 -5.996856342714812 -5.997533798217773 80 0.05419644023686487
Structure 28: -479.093004574123 -479.1234436035156 -5.9886625571765375 -5.989043045043945 80 0.030439029392653083
Structure 29: -479.175938485449 -479.22442626953125 -5.989699231068113 -5.990305328369141 80 0.048487784082226426
Structure 30: -479.369659779335 -479.4385681152344 -5.992120747241687 -5.99298210144043 80 0.06890833589937984
Structure 31: -479.561730147107 -479.6033020019531 -5.9945216268388375 -5.995041275024414 80 0.04157185484609727
Structure 32: -479.454341605746 -479.4966735839844 -5.993179270071825 -5.9937084197998045 80 0.042331978238394186
Structure 33: -479.386428742531 -479.40350341796875 -5.992330359281637 -5.992543792724609 80 0.01707467543775465
Structure 34: -478.768366291002 -478.8089599609375 -5.984604578637525 -5.985111999511719 80 0.04059366993550384
Structure 35: -479.043096086101 -479.0807800292969 -5.988038701076262 -5.988509750366211 80 0.03768394319587287
Structure 36: -478.882305498228 -478.9176025390625 -5.98602881872785 -5.986470031738281 80 0.03529704083450724
Structure 37: -478.74380656454 -478.7866516113281 -5.98429758205675 -5.984833145141602 80 0.04284504678810208
Structure 38: -478.937649247575 -478.99066162109375 -5.986720615594687 -5.987383270263672 80 0.05301237351875443
Structure 39: -478.956527773411 -478.9790954589844 -5.986956597167637 -5.9872386932373045 80 0.022567685573392282
Structure 40: -479.283550215368 -479.3292541503906 -5.9910443776921 -5.991615676879883 80 0.045703935022629594
Structure 41: -478.657398678515 -478.7067565917969 -5.983217483481438 -5.983834457397461 80 0.04935791328188088
Structure 42: -479.33298690919 -479.3746643066406 -5.991662336364875 -5.9921833038330075 80 0.04167739745059862
Structure 43: -479.214892072378 -479.2659606933594 -5.990186150904725 -5.990824508666992 80 0.05106862098136844
Structure 44: -478.771424697137 -478.8124694824219 -5.984642808714212 -5.985155868530273 80 0.04104478528489608
Structure 45: -477.836812017758 -477.85040283203125 -5.972960150221975 -5.9731300354003904 80 0.013590814273243268
Structure 46: -478.971101918461 -478.9970397949219 -5.987138773980762 -5.987462997436523 80 0.025937876460886855
Structure 47: -478.127994788745 -478.16790771484375 -5.976599934859313 -5.977098846435547 80 0.039912926098736534
Structure 48: -478.536053818938 -478.5914001464844 -5.981700672736725 -5.982392501831055 80 0.05534632754637414
Structure 49: -478.069503175953 -478.11663818359375 -5.975868789699413 -5.976457977294922 80 0.04713500764074752
Structure 50: -477.979547185794 -478.01483154296875 -5.974744339822425 -5.975185394287109 80 0.03528435717475986
Structure 51: -478.684934299639 -478.72235107421875 -5.983561678745487 -5.984029388427734 80 0.037416774579753564
Structure 52: -478.414979908077 -478.46295166015625 -5.980187248850962 -5.980786895751953 80 0.0479717520792633
Structure 53: -478.241777198145 -478.2900695800781 -5.9780222149768125 -5.978625869750976 80 0.04829238193315177
Structure 54: -479.206782133198 -479.243896484375 -5.9900847766649745 -5.990548706054687 80 0.03711435117702422
Structure 55: -477.562454913514 -477.6176452636719 -5.969530686418925 -5.970220565795898 80 0.055190350157886314
Structure 56: -477.367818459083 -477.4203186035156 -5.967097730738538 -5.967753982543945 80 0.05250014443259943
Structure 57: -477.517201159466 -477.5572509765625 -5.9689650144933255 -5.969465637207032 80 0.040049817096473816
Structure 58: -477.223429857153 -477.25372314453125 -5.965292873214413 -5.965671539306641 80 0.03029328737824244
Structure 59: -477.528902854516 -477.5809631347656 -5.96911128568145 -5.9697620391845705 80 0.05206028024963416
Structure 60: -477.728741330968 -477.78411865234375 -5.9716092666371 -5.972301483154297 80 0.055377321375772226
Structure 61: -477.489688254846 -477.5741271972656 -5.9686211031855745 -5.96967658996582 80 0.0844389424196379
Structure 62: -476.65012445267 -476.6918640136719 -5.958126555658375 -5.958648300170898 80 0.0417395610018616
Structure 63: -476.550771317216 -476.6213073730469 -5.9568846414652 -5.957766342163086 80 0.07053605583087119
Structure 64: -477.016297169037 -477.0652770996094 -5.962703714612962 -5.963315963745117 80 0.048979930572386365
Structure 65: -477.345878142274 -477.41143798828125 -5.9668234767784245 -5.967642974853516 80 0.06555984600726106
Structure 66: -477.454466307263 -477.5146179199219 -5.968180828840787 -5.968932723999023 80 0.06015161265889901
Structure 67: -477.335414799138 -477.383056640625 -5.966692684989225 -5.967288208007813 80 0.047641841487006786
Structure 68: -476.903603780971 -476.9497375488281 -5.961295047262138 -5.961871719360351 80 0.04613376785709988
Structure 69: -477.082171357899 -477.1068420410156 -5.963527141973738 -5.963835525512695 80 0.024670683116596592
Structure 70: -477.595418068264 -477.6866760253906 -5.9699427258533 -5.971083450317383 80 0.09125795712662921
Structure 71: -476.924943536731 -476.9298400878906 -5.961561794209137 -5.961623001098633 80 0.004896551159617957
Structure 72: -477.25264702666 -477.3241271972656 -5.9656580878332495 -5.96655158996582 80 0.07148017060563916
Structure 73: -476.527322044021 -476.5686340332031 -5.956591525550262 -5.957107925415039 80 0.04131198918213386
Structure 74: -477.01168968721 -477.0473937988281 -5.962646121090125 -5.963092422485351 80 0.03570411161814491
Structure 75: -477.403893970561 -477.43756103515625 -5.967548674632012 -5.967969512939453 80 0.033667064595249485
Structure 76: -477.694108632521 -477.76605224609375 -5.971176357906513 -5.972075653076172 80 0.07194361357272783
Structure 77: -476.771997377928 -476.8218078613281 -5.959649967224101 -5.960272598266601 80 0.049810483400108296
Structure 78: -477.403269231632 -477.45037841796875 -5.9675408653954 -5.968129730224609 80 0.04710918633674055
Structure 79: -476.939098349551 -476.97613525390625 -5.9617387293693875 -5.962201690673828 80 0.03703690435526141
Structure 80: -476.662098866684 -476.67901611328125 -5.95827623583355 -5.958487701416016 80 0.01691724659724514
Structure 81: -477.136901156213 -477.177001953125 -5.964211264452663 -5.964712524414063 80 0.04010079691198598
Structure 82: -477.530461437829 -477.5718078613281 -5.969130767972862 -5.969647598266602 80 0.0413464234991352
Structure 83: -476.61396528278 -476.65228271484375 -5.95767456603475 -5.958153533935547 80 0.03831743206376359
Structure 84: -475.888230421675 -475.96942138671875 -5.948602880270938 -5.949617767333985 80 0.08119096504373147
Structure 85: -475.655691315638 -475.6882019042969 -5.945696141445476 -5.946102523803711 80 0.0325105886588517
Structure 86: -476.804888041272 -476.8412170410156 -5.9600611005159 -5.9605152130126955 80 0.03632899974360271
Structure 87: -476.7420987933 -476.7740478515625 -5.95927623491625 -5.959675598144531 80 0.03194905826251215
Structure 88: -476.211742187807 -476.25146484375 -5.952646777347587 -5.953143310546875 80 0.03972265594302371
Structure 89: -476.934306104722 -476.9969787597656 -5.961678826309025 -5.96246223449707 80 0.0626726550436274
Structure 90: -477.021915076053 -477.0838928222656 -5.962773938450662 -5.96354866027832 80 0.06197774621261942
Structure 91: -476.465509348429 -476.542236328125 -5.955818866855362 -5.956777954101563 80 0.07672697969599085
Structure 92: -476.244001285508 -476.3092041015625 -5.9530500160688495 -5.953865051269531 80 0.06520281605452283
Structure 93: -476.288482952423 -476.30133056640625 -5.9536060369052874 -5.953766632080078 80 0.01284761398324008
Structure 94: -475.608435415379 -475.6412353515625 -5.945105442692237 -5.945515441894531 80 0.03279993618349408
Structure 95: -476.236005429109 -476.2636413574219 -5.9529500678638625 -5.953295516967773 80 0.027635928312861324
Structure 96: -475.493789005835 -475.56640625 -5.943672362572938 -5.944580078125 80 0.07261724416497373
Structure 97: -476.021707524633 -476.0581970214844 -5.950271344057912 -5.950727462768555 80 0.03648949685140224
Structure 98: -476.605701740504 -476.66815185546875 -5.9575712717563 -5.958351898193359 80 0.06245011496474717
Structure 99: -475.190754816111 -475.1789245605469 -5.939884435201387 -5.939736557006836 80 0.011830255564120762
Structure 100: -475.47458895528 -475.51629638671875 -5.943432361941 -5.9439537048339846 80 0.041707431438737785
Structure 1: -475.137201140275 -475.186767578125 -5.9392150142534375 -5.9398345947265625 80 0.0495664378499896
Structure 2: -474.795622104164 -474.83447265625 -5.9349452763020505 -5.935430908203125 80 0.03885055208598942
Structure 3: -475.159478542428 -475.1776123046875 -5.93949348178035 -5.939720153808594 80 0.018133762259481045
Structure 4: -474.920700902825 -474.9918212890625 -5.936508761285312 -5.937397766113281 80 0.07112038623751005
Structure 5: -475.628650022965 -475.68157958984375 -5.945358125287063 -5.9460197448730465 80 0.05292956687873129
Structure 6: -475.82794913484 -475.87646484375 -5.9478493641855 -5.948455810546875 80 0.048515708909974364
Structure 7: -474.766913471933 -474.8291320800781 -5.934586418399162 -5.935364151000977 80 0.06221860814514457
Structure 8: -475.090346604884 -475.15228271484375 -5.93862933256105 -5.939403533935547 80 0.06193610995973131
Structure 9: -474.678796626049 -474.6833801269531 -5.933484957825613 -5.933542251586914 80 0.004583500904118409
Structure 10: -475.084714958142 -475.1026611328125 -5.938558936976775 -5.938783264160156 80 0.01794617467049875
Structure 11: -474.319630861675 -474.3692321777344 -5.928995385770937 -5.92961540222168 80 0.04960131605935203
Structure 12: -475.150165862295 -475.18145751953125 -5.9393770732786875 -5.939768218994141 80 0.03129165723623828
Structure 13: -475.628698569457 -475.6575622558594 -5.945358732118213 -5.945719528198242 80 0.028863686402360145
Structure 14: -475.545701098807 -475.576416015625 -5.9443212637350875 -5.944705200195313 80 0.030714916817998983
Structure 15: -474.777938865485 -474.8106994628906 -5.934724235818562 -5.935133743286133 80 0.03276059740562687
Structure 16: -474.643859053052 -474.6908874511719 -5.93304823816315 -5.933636093139649 80 0.04702839811989179
Structure 17: -474.026099888462 -474.0187072753906 -5.925326248605775 -5.925233840942383 80 0.007392613071374399
Structure 18: -474.481146264126 -474.52679443359375 -5.931014328301575 -5.9315849304199215 80 0.04564816946776773
Structure 19: -474.738159461398 -474.8221435546875 -5.934226993267475 -5.935276794433594 80 0.0839840932894731
Structure 20: -474.052728537157 -474.1110534667969 -5.925659106714463 -5.926388168334961 80 0.05832492963986624
Structure 21: -474.882472881982 -474.9042663574219 -5.936030911024774 -5.936303329467774 80 0.021793475439892518
Structure 22: -474.560380965209 -474.58984375 -5.932004762065112 -5.932373046875 80 0.029462784791007834
Structure 23: -474.938876321303 -475.0256652832031 -5.936735954016287 -5.937820816040039 80 0.0867889619001403
Structure 24: -474.923699714051 -475.0443420410156 -5.936546246425637 -5.9380542755126955 80 0.12064232696462796
Structure 25: -474.691396343303 -474.7489013671875 -5.933642454291287 -5.934361267089844 80 0.057505023884516504
Structure 26: -475.163818236098 -475.24224853515625 -5.939547727951225 -5.940528106689453 80 0.0784302990582546
Structure 27: -474.82787346658 -474.9286804199219 -5.93534841833225 -5.936608505249024 80 0.1008069533418734
Structure 28: -474.368904075643 -474.4591369628906 -5.929611300945537 -5.930739212036133 80 0.09023288724762324
Structure 29: -474.1620608095 -474.2418212890625 -5.927025760118751 -5.928022766113282 80 0.07976047956248067
Structure 30: -475.120902552368 -475.1534118652344 -5.9390112819046 -5.9394176483154295 80 0.0325093128663525
Structure 31: -475.472317482541 -475.5204162597656 -5.943403968531762 -5.9440052032470705 80 0.04809877722465217
Structure 32: -474.271664840035 -474.3261413574219 -5.9283958105004375 -5.929076766967773 80 0.05447651738688819
Structure 33: -474.036868948995 -474.0847473144531 -5.925460861862438 -5.926059341430664 80 0.047878365458132066
Structure 34: -473.411001859127 -473.4847106933594 -5.917637523239088 -5.918558883666992 80 0.07370883423237728
Structure 35: -474.079880879686 -474.1609191894531 -5.9259985109960756 -5.927011489868164 80 0.08103830976710924
Structure 36: -474.182093531792 -474.2342529296875 -5.9272761691474 -5.927928161621094 80 0.05215939789547974
Structure 37: -473.968971980998 -474.0452575683594 -5.924612149762475 -5.925565719604492 80 0.07628558736138302
Structure 38: -474.987239529768 -475.0337219238281 -5.9373404941220995 -5.937921524047852 80 0.04648239406014909
Structure 39: -473.083933087335 -473.1797790527344 -5.9135491635916875 -5.91474723815918 80 0.09584596539934864
Structure 40: -475.11304919812 -475.11651611328125 -5.9389131149765 -5.938956451416016 80 0.0034669151612547466
Structure 41: -473.632360222669 -473.73443603515625 -5.920404502783362 -5.921680450439453 80 0.10207581248727138
Structure 42: -473.364975305878 -473.369384765625 -5.917062191323475 -5.917117309570313 80 0.0044094597470234476
Structure 43: -473.794385824927 -473.8515625 -5.922429822811588 -5.92314453125 80 0.05717667507298074
Structure 44: -473.561492043358 -473.6460876464844 -5.919518650541975 -5.920576095581055 80 0.08459560312638814
Structure 45: -473.211520557161 -473.2131652832031 -5.915144006964512 -5.915164566040039 80 0.0016447260421159626
Structure 46: -473.43525129441 -473.5381164550781 -5.917940641180126 -5.919226455688476 80 0.10286516066810236
Structure 47: -474.813906842552 -474.8343200683594 -5.9351738355319 -5.9354290008544925 80 0.020413225807374147
Structure 48: -473.627311717639 -473.6536865234375 -5.920341396470487 -5.920671081542968 80 0.026374805798525358
Structure 49: -473.932353481607 -473.9739685058594 -5.924154418520088 -5.924674606323242 80 0.04161502425239405
Structure 50: -472.989565525248 -473.0337829589844 -5.9123695690656 -5.912922286987305 80 0.0442174337363781
Structure 51: -473.222690155679 -473.2035827636719 -5.915283626945987 -5.915044784545898 80 0.019107392007128965
Structure 52: -474.731024487704 -474.7494201660156 -5.934137806096301 -5.934367752075195 80 0.018395678311605934
Structure 53: -473.897051134321 -473.87738037109375 -5.9237131391790125 -5.9234672546386715 80 0.019670763227225052
Structure 54: -472.530684822494 -472.47821044921875 -5.906633560281175 -5.905977630615235 80 0.0524743732752313
Structure 55: -473.278417921989 -473.2470397949219 -5.915980224024862 -5.915587997436523 80 0.03137812706711429
Structure 56: -472.723728507484 -472.718994140625 -5.90904660634355 -5.908987426757813 80 0.004734366858997419
Structure 57: -473.14586461947 -473.1572265625 -5.914323307743375 -5.91446533203125 80 0.01136194303001048
Structure 58: -473.744934052465 -473.8018493652344 -5.921811675655812 -5.922523117065429 80 0.05691531276937667
Structure 59: -473.152831758696 -473.2375793457031 -5.914410396983699 -5.915469741821289 80 0.08474758700714347
Structure 60: -472.706053164748 -472.7127380371094 -5.90882566455935 -5.9089092254638675 80 0.006684872361347516
Structure 61: -472.8850749189 -472.92138671875 -5.91106343648625 -5.911517333984375 80 0.03631179985001154
Structure 62: -473.253360761231 -473.2889404296875 -5.915667009515388 -5.916111755371094 80 0.035579668456477975
Structure 63: -474.17917916162 -474.1624755859375 -5.9272397395202505 -5.927030944824219 80 0.016703575682527116
Structure 64: -471.717050815041 -471.7776184082031 -5.896463135188013 -5.897220230102539 80 0.06056759316214766
Structure 65: -473.81143750501 -473.8902893066406 -5.922642968812625 -5.923628616333008 80 0.07885180163060568
Structure 66: -472.768913991269 -472.79345703125 -5.909611424890863 -5.909918212890625 80 0.024543039980983394
Structure 67: -470.997898939411 -471.0380859375 -5.8874737367426375 -5.88797607421875 80 0.04018699808898418
Structure 68: -473.852078030006 -473.8532409667969 -5.923150975375075 -5.923165512084961 80 0.0011629367908767563
Structure 69: -474.269973501439 -474.28900146484375 -5.9283746687679875 -5.928612518310547 80 0.01902796340476698
Structure 70: -473.110377021818 -473.1622619628906 -5.913879712772725 -5.914528274536133 80 0.051884941072614765
Structure 71: -473.401852636278 -473.4411926269531 -5.917523157953475 -5.918014907836914 80 0.039339990675102854
Structure 72: -472.750081811679 -472.8050842285156 -5.909376022645988 -5.910063552856445 80 0.05500241683660079
Structure 73: -470.880483128713 -470.8283386230469 -5.886006039108913 -5.885354232788086 80 0.052144505666149144
Structure 74: -470.972158942739 -471.04937744140625 -5.887151986784238 -5.8881172180175785 80 0.07721849866726416
Structure 75: -472.344446331241 -472.3921203613281 -5.904305579140512 -5.904901504516602 80 0.047674030087137
Structure 76: -471.941756030399 -471.94793701171875 -5.899271950379988 -5.899349212646484 80 0.006180981319744205
Structure 77: -470.997545164963 -470.9895324707031 -5.887469314562038 -5.887369155883789 80 0.008012694259889486
Structure 78: -472.156311510138 -472.21319580078125 -5.901953893876724 -5.9026649475097654 80 0.05688429064326783
Structure 79: -471.656347814925 -471.71307373046875 -5.8957043476865625 -5.896413421630859 80 0.05672591554372275
Structure 80: -471.538849370172 -471.6021728515625 -5.8942356171271495 -5.895027160644531 80 0.06332348139051192
Structure 81: -471.446716417733 -471.4689025878906 -5.8930839552216625 -5.893361282348633 80 0.022186170157624474
Structure 82: -471.04913380737 -471.10662841796875 -5.888114172592125 -5.888832855224609 80 0.05749461059872374
Structure 83: -471.020667721918 -471.08197021484375 -5.887758346523976 -5.8885246276855465 80 0.06130249292573353
Structure 84: -471.054005248618 -471.1045837402344 -5.888175065607725 -5.88880729675293 80 0.05057849161636341
Structure 85: -472.551894311287 -472.5639953613281 -5.906898678891087 -5.907049942016601 80 0.012101050041110284
Structure 86: -473.274189552882 -473.2543029785156 -5.915927369411024 -5.915678787231445 80 0.019886574366353216
Structure 87: -471.183498058483 -471.2315368652344 -5.889793725731037 -5.89039421081543 80 0.048038806751378615
Structure 88: -470.720435637391 -470.7632141113281 -5.884005445467388 -5.884540176391601 80 0.04277847393711909
Structure 89: -472.245357054788 -472.2461853027344 -5.90306696318485 -5.90307731628418 80 0.0008282479464014614
Structure 90: -471.426819974495 -471.5061340332031 -5.8928352496811875 -5.893826675415039 80 0.07931405870812114
Structure 91: -471.951407753335 -471.9698486328125 -5.899392596916687 -5.899623107910156 80 0.018440879477509498
Structure 92: -469.575136244519 -469.55279541015625 -5.869689203056487 -5.8694099426269535 80 0.02234083436275114
Structure 93: -470.451306063827 -470.5036926269531 -5.880641325797837 -5.881296157836914 80 0.05238656312610601
Structure 94: -471.648280275131 -471.6632080078125 -5.895603503439138 -5.895790100097656 80 0.014927732681485395
Structure 95: -470.3784197516 -470.4197998046875 -5.879730246895 -5.880247497558594 80 0.04138005308749371
Structure 96: -468.490397130623 -468.7154846191406 -5.856129964132788 -5.8589435577392575 80 0.22508748851760174
Structure 97: -467.860016084243 -467.8751525878906 -5.8482502010530375 -5.848439407348633 80 0.015136503647624977
Structure 98: -469.449323106579 -469.4081726074219 -5.868116538832238 -5.867602157592773 80 0.04115049915714053
Structure 99: -471.666031896417 -471.65142822265625 -5.895825398705212 -5.895642852783203 80 0.014603673760746005
Structure 100: -470.703096179226 -470.7301940917969 -5.8837887022403255 -5.884127426147461 80 0.027097912570866356
Structure 1: -469.71209746159 -469.6902770996094 -5.871401218269876 -5.8711284637451175 80 0.02182036198064452
Structure 2: -469.623049965125 -469.65130615234375 -5.870288124564063 -5.8706413269042965 80 0.028256187218744344
Structure 3: -469.983203052197 -470.0372619628906 -5.8747900381524625 -5.875465774536133 80 0.05405891069364088
Structure 4: -468.88807751067 -468.90997314453125 -5.861100968883375 -5.8613746643066404 80 0.02189563386127702
Structure 5: -469.749055126613 -469.8700866699219 -5.871863189082662 -5.873376083374024 80 0.1210315433089022
Structure 6: -471.502972535523 -471.5313720703125 -5.893787156694037 -5.894142150878906 80 0.02839953478951429
Structure 7: -469.320159649513 -469.4324035644531 -5.866501995618913 -5.867905044555664 80 0.11224391494010888
Structure 8: -469.746747522498 -469.7396240234375 -5.8718343440312255 -5.871745300292969 80 0.007123499060526228
Structure 9: -470.210879874274 -470.1485290527344 -5.877635998428425 -5.8768566131591795 80 0.062350821539610024
Structure 10: -469.2640824191 -469.35369873046875 -5.86580103023875 -5.866921234130859 80 0.08961631136872938
Structure 11: -468.031926416301 -467.9280090332031 -5.850399080203763 -5.849100112915039 80 0.10391738309789389
Structure 12: -469.810208157382 -469.80902099609375 -5.872627601967276 -5.872612762451172 80 0.0011871612882714544
Structure 13: -469.790136813186 -469.763427734375 -5.872376710164825 -5.872042846679688 80 0.02670907881099538
Structure 14: -469.236172153371 -469.2726745605469 -5.865452151917138 -5.865908432006836 80 0.03650240717587394
Structure 15: -471.802926974095 -471.8559265136719 -5.897536587176187 -5.898199081420898 80 0.052999539576887855
Structure 16: -470.364155558844 -470.36865234375 -5.87955194448555 -5.879608154296875 80 0.00449678490599581
Structure 17: -469.739615642375 -469.7529602050781 -5.871745195529687 -5.871912002563477 80 0.013344562703139218
Structure 18: -469.394365715452 -469.3727111816406 -5.86742957144315 -5.867158889770508 80 0.021654533811386045
Structure 19: -469.990958969483 -470.05224609375 -5.874886987118538 -5.875653076171875 80 0.06128712426698257
Structure 20: -469.807743978126 -469.80230712890625 -5.8725967997265744 -5.872528839111328 80 0.005436849219734086
Structure 21: -468.828980035803 -468.7593688964844 -5.860362250447538 -5.8594921112060545 80 0.06961113931862428
Structure 22: -467.99009879585 -468.0342712402344 -5.849876234948125 -5.8504283905029295 80 0.04417244438440093
Structure 23: -468.463226447442 -468.4957580566406 -5.855790330593026 -5.8561969757080075 80 0.032531609198599654
Structure 24: -469.306855086546 -469.4471740722656 -5.866335688581826 -5.86808967590332 80 0.14031898571960255
Structure 25: -471.960484736315 -471.93994140625 -5.8995060592039374 -5.899249267578125 80 0.020543330064981546
Structure 26: -470.927990619963 -470.9022216796875 -5.886599882749538 -5.886277770996093 80 0.025768940275497698
Structure 27: -469.13205809594 -469.1343078613281 -5.8641507261992505 -5.864178848266602 80 0.0022497653881146107
Structure 28: -469.60324665808 -469.7165222167969 -5.870040583226 -5.871456527709961 80 0.11327555871685036
Structure 29: -468.386719249309 -468.4604797363281 -5.8548339906163624 -5.855755996704102 80 0.07376048701911486
Structure 30: -468.460859245355 -468.46197509765625 -5.855760740566938 -5.855774688720703 80 0.0011158523012682053
Structure 31: -468.039802153864 -468.081298828125 -5.8504975269233 -5.851016235351563 80 0.04149667426099768
Structure 32: -468.178169464649 -468.21826171875 -5.852227118308113 -5.852728271484375 80 0.040092254101011804
Structure 33: -469.678406437837 -469.64208984375 -5.870980080472963 -5.870526123046875 80 0.03631659408699761
Structure 34: -467.13561862896 -467.1980895996094 -5.839195232862 -5.839976119995117 80 0.06247097064937179
Structure 35: -469.949491098843 -470.017822265625 -5.874368638735538 -5.875222778320312 80 0.06833116678200213
Structure 36: -471.154172126629 -471.1089782714844 -5.889427151582863 -5.888862228393554 80 0.04519385514464602
Structure 37: -467.714853790036 -467.79156494140625 -5.84643567237545 -5.847394561767578 80 0.07671115137026163
Structure 38: -468.112974605632 -468.15838623046875 -5.8514121825704 -5.851979827880859 80 0.045411624836731335
Structure 39: -468.274822301853 -468.35418701171875 -5.853435278773163 -5.854427337646484 80 0.07936470986572886
Structure 40: -467.612952147578 -467.6249694824219 -5.845161901844725 -5.845312118530273 80 0.012017334843847038
Structure 41: -467.818393913894 -467.7459411621094 -5.847729923923675 -5.846824264526367 80 0.07245275178462407
Structure 42: -467.264510410496 -467.3014831542969 -5.8408063801312 -5.841268539428711 80 0.03697274380090221
Structure 43: -468.811120960403 -468.8385925292969 -5.860139012005037 -5.860482406616211 80 0.0274715688938727
Structure 44: -468.079083181605 -468.0814208984375 -5.8509885397700625 -5.851017761230469 80 0.0023377168325282582
Structure 45: -465.139948608845 -465.1783142089844 -5.814249357610562 -5.814728927612305 80 0.03836560013940016
Structure 46: -468.824003138572 -468.89208984375 -5.86030003923215 -5.861151123046875 80 0.06808670517801829
Structure 47: -467.602317242905 -467.5668029785156 -5.845028965536312 -5.844585037231445 80 0.03551426438934868
Structure 48: -467.461371190871 -467.4066162109375 -5.843267139885887 -5.842582702636719 80 0.05475497993347744
Structure 49: -466.513783018254 -466.484130859375 -5.831422287728175 -5.831051635742187 80 0.029652158879002855
Structure 50: -466.650738643108 -466.5251159667969 -5.83313423303885 -5.831563949584961 80 0.12562267631113855
Structure 51: -466.735442041903 -466.7806091308594 -5.8341930255237875 -5.834757614135742 80 0.04516708895636157
Structure 52: -466.995283945951 -466.9328918457031 -5.837441049324387 -5.836661148071289 80 0.06239210024784825
Structure 53: -466.660627830304 -466.5486755371094 -5.8332578478788 -5.831858444213867 80 0.11195229319463351
Structure 54: -467.221334286249 -467.251708984375 -5.8402666785781125 -5.840646362304687 80 0.03037469812602467
Structure 55: -466.982584641682 -467.1406555175781 -5.837282308021026 -5.839258193969727 80 0.15807087589610092
Structure 56: -467.083215046758 -467.0066833496094 -5.838540188084475 -5.837583541870117 80 0.07653169714865271
Structure 57: -466.858608175382 -466.87957763671875 -5.835732602192275 -5.835994720458984 80 0.020969461336733275
Structure 58: -465.722121601073 -465.6737976074219 -5.821526520013412 -5.820922470092773 80 0.04832399365113815
Structure 59: -466.659000542153 -466.4984130859375 -5.833237506776912 -5.831230163574219 80 0.16058745621552362
Structure 60: -468.534534082704 -468.55377197265625 -5.8566816760338 -5.856922149658203 80 0.019237889952250953
Structure 61: -486.243295458593 -486.44134521484375 -6.078041193232413 -6.080516815185547 80 0.1980497562507253
Structure 62: -486.386368153166 -486.5845031738281 -6.079829601914575 -6.082306289672852 80 0.1981350206621073
Structure 63: -486.494190847476 -486.6869201660156 -6.08117738559345 -6.083586502075195 80 0.19272931853964792
Structure 64: -486.433005712119 -486.62042236328125 -6.080412571401487 -6.082755279541016 80 0.18741665116226613
Structure 65: -486.534060853995 -486.726318359375 -6.081675760674938 -6.084078979492188 80 0.19225750537998465
Structure 66: -488.503583343914 -488.5809326171875 -6.106294791798925 -6.107261657714844 80 0.07734927327351215
Structure 67: -492.523719037476 -492.5179443359375 -6.15654648796845 -6.156474304199219 80 0.0057747015384848055
Structure 68: -491.646970053658 -491.6282958984375 -6.145587125670724 -6.145353698730469 80 0.01867415522048077
Structure 69: -493.135975556106 -493.0625915527344 -6.164199694451325 -6.16328239440918 80 0.0733840033716433
Structure 70: -493.71247148365 -493.6656188964844 -6.171405893545625 -6.170820236206055 80 0.04685258716563112
Structure 71: -494.37014183095 -494.3128967285156 -6.179626772886875 -6.178911209106445 80 0.05724510243436498
Structure 72: -494.836844107798 -494.76617431640625 -6.185460551347475 -6.184577178955078 80 0.0706697913917651
Structure 73: -495.14557487387 -495.0882568359375 -6.189319685923374 -6.188603210449219 80 0.05731803793247536
Structure 74: -495.273096366036 -495.2247314453125 -6.19091370457545 -6.190309143066406 80 0.04836492072348619
Structure 75: -495.577475095426 -495.5296936035156 -6.194718438692825 -6.194121170043945 80 0.04778149191037073
Structure 76: -495.736488191229 -495.6817321777344 -6.196706102390363 -6.196021652221679 80 0.05475601349462522
Structure 77: -495.78016754473 -495.7315368652344 -6.197252094309125 -6.19664421081543 80 0.04863067949560218
Structure 78: -495.869132196436 -495.8176574707031 -6.19836415245545 -6.197720718383789 80 0.051474725732873594
Structure 79: -495.919261971965 -495.86639404296875 -6.1989907746495625 -6.198329925537109 80 0.0528679289962497
Structure 80: -495.95015688198 -495.8907470703125 -6.1993769610247496 -6.198634338378906 80 0.05940981166747861
Structure 81: -495.93212229064 -495.8779296875 -6.199151528633 -6.19847412109375 80 0.0541926031399953
Structure 82: -495.924857737496 -495.8799133300781 -6.1990607217187 -6.198498916625977 80 0.044944407417858656
Structure 83: -495.893567701514 -495.8406982421875 -6.198669596268925 -6.198008728027344 80 0.052869459326473134
Structure 84: -495.947714633883 -495.8965148925781 -6.199346432923537 -6.198706436157226 80 0.05119974130485616
Structure 85: -495.940834781664 -495.8980407714844 -6.1992604347708005 -6.1987255096435545 80 0.04279401017964801
Structure 86: -495.931103596413 -495.88140869140625 -6.199138794955163 -6.198517608642578 80 0.04969490500673146
Structure 87: -495.977282686184 -495.93170166015625 -6.1997160335773005 -6.199146270751953 80 0.045581026027775806
Structure 88: -496.026343912119 -495.9811096191406 -6.2003292989014875 -6.1997638702392575 80 0.04523429297836401
Structure 89: -496.328968515347 -496.2786865234375 -6.204112106441838 -6.203483581542969 80 0.050281991909514545
Structure 90: -496.615362408251 -496.5728454589844 -6.2076920301031375 -6.207160568237304 80 0.04251694926659866
Structure 91: -496.635497330906 -496.5923767089844 -6.207943716636325 -6.207404708862304 80 0.043120621921616475
Structure 92: -496.35213819972 -496.3153381347656 -6.2044017274965 -6.203941726684571 80 0.036800064954377376
Structure 93: -496.284317373276 -496.2503356933594 -6.20355396716595 -6.2031291961669925 80 0.03398167991662149
Structure 94: -496.301050939142 -496.267578125 -6.2037631367392745 -6.2033447265625 80 0.03347281414198733
Structure 95: -496.235189342642 -496.1986389160156 -6.202939866783025 -6.202482986450195 80 0.036550426626376975
Structure 96: -496.190780766556 -496.1537170410156 -6.20238475958195 -6.201921463012695 80 0.037063725540349424
Structure 97: -496.101462029001 -496.0577087402344 -6.201268275362513 -6.200721359252929 80 0.043753288766652076
Structure 98: -496.143083357623 -496.0985412597656 -6.201788541970288 -6.20123176574707 80 0.04454209785740204
Structure 99: -496.115467462256 -496.0779113769531 -6.2014433432782 -6.200973892211914 80 0.03755608530286736
Structure 100: -496.061469720931 -496.0258483886719 -6.2007683715116375 -6.200323104858398 80 0.03562133225909747
Structure 1: -496.001503705815 -495.957275390625 -6.200018796322688 -6.199465942382813 80 0.04422831519002557
Structure 2: -495.849982813965 -495.8164367675781 -6.198124785174563 -6.197705459594727 80 0.03354604638690262
Structure 3: -495.985319472009 -495.93743896484375 -6.199816493400112 -6.199217987060547 80 0.047880507165245945
Structure 4: -495.816573734392 -495.78155517578125 -6.1977071716799 -6.197269439697266 80 0.03501855861077274
Structure 5: -495.835631984206 -495.79803466796875 -6.197945399802575 -6.197475433349609 80 0.03759731623722473
Structure 6: -495.815141176863 -495.7825012207031 -6.197689264710787 -6.197281265258789 80 0.03263995615986914
Structure 7: -495.737396412504 -495.70147705078125 -6.1967174551563 -6.196268463134766 80 0.035919361722733356
Structure 8: -495.836316094621 -495.79571533203125 -6.197953951182763 -6.19744644165039 80 0.04060076258974732
Structure 9: -495.628506795751 -495.5968933105469 -6.195356334946887 -6.194961166381836 80 0.03161348520410456
Structure 10: -495.518320639731 -495.48858642578125 -6.193979007996637 -6.193607330322266 80 0.0297342139497232
Structure 11: -495.749683929553 -495.70672607421875 -6.196871049119412 -6.1963340759277346 80 0.04295785533423668
Structure 12: -495.534175009543 -495.5029602050781 -6.194177187619287 -6.193787002563477 80 0.031214804464866575
Structure 13: -495.442458867034 -495.40277099609375 -6.193030735837925 -6.192534637451172 80 0.03968787094026993
Structure 14: -495.452187327188 -495.4338073730469 -6.19315234158985 -6.192922592163086 80 0.01837995414115312
Structure 15: -495.501495285054 -495.46136474609375 -6.193768691063175 -6.193267059326172 80 0.04013053896022711
Structure 16: -495.582110976404 -495.54376220703125 -6.19477638720505 -6.194297027587891 80 0.038348769372760216
Structure 17: -495.546073102938 -495.5127868652344 -6.1943259137867255 -6.19390983581543 80 0.033286237703634924
Structure 18: -495.65217632987 -495.6150207519531 -6.195652204123375 -6.195187759399414 80 0.03715557791684887
Structure 19: -495.564005710425 -495.520263671875 -6.194550071380313 -6.194003295898438 80 0.04374203855002179
Structure 20: -495.448712653899 -495.42083740234375 -6.193108908173738 -6.192760467529297 80 0.027875251555258274
Structure 21: -495.286043396274 -495.25897216796875 -6.191075542453425 -6.19073715209961 80 0.02707122830526032
Structure 22: -495.241491702444 -495.2033996582031 -6.19051864628055 -6.190042495727539 80 0.03809204424089785
Structure 23: -495.298692958469 -495.2640686035156 -6.191233661980863 -6.1908008575439455 80 0.03462435495339378
Structure 24: -495.41248620825 -495.37591552734375 -6.192656077603125 -6.192198944091797 80 0.03657068090626581
Structure 25: -495.272631544769 -495.24993896484375 -6.190907894309612 -6.190624237060547 80 0.022692579925262635
Structure 26: -495.304423313613 -495.26617431640625 -6.1913052914201625 -6.190827178955078 80 0.038248997206721924
Structure 27: -495.141480292554 -495.106201171875 -6.189268503656924 -6.1888275146484375 80 0.03527912067897887
Structure 28: -494.947281243058 -494.9018249511719 -6.186841015538225 -6.186272811889649 80 0.045456291886125655
Structure 29: -495.083544533438 -495.0565490722656 -6.188544306667975 -6.1882068634033205 80 0.026995461172361956
Structure 30: -495.239227082628 -495.2010803222656 -6.19049033853285 -6.19001350402832 80 0.038146760362394616
Structure 31: -495.322590099855 -495.2668762207031 -6.191532376248188 -6.190835952758789 80 0.055713879151880974
Structure 32: -494.830120271472 -494.805908203125 -6.1853765033934005 -6.1850738525390625 80 0.02421206834702616
Structure 33: -494.633542617408 -494.5953063964844 -6.1829192827176005 -6.182441329956054 80 0.03823622092363621
Structure 34: -494.943610891085 -494.9065856933594 -6.186795136138562 -6.186332321166992 80 0.037025197725597536
Structure 35: -494.801649085079 -494.76422119140625 -6.185020613563488 -6.184552764892578 80 0.03742789367277055
Structure 36: -494.992866951303 -494.9704895019531 -6.187410836891287 -6.187131118774414 80 0.022377449349846756
Structure 37: -494.879497031227 -494.8399963378906 -6.185993712890338 -6.185499954223633 80 0.039500693336378845
Structure 38: -494.432697165816 -494.39599609375 -6.1804087145727005 -6.179949951171875 80 0.036701072066023244
Structure 39: -495.077268933583 -495.0417785644531 -6.188465861669788 -6.188022232055664 80 0.03549036912988868
Structure 40: -494.577633880443 -494.55596923828125 -6.182220423505537 -6.181949615478516 80 0.021664642161738357
Structure 41: -494.847411902309 -494.8079833984375 -6.185592648778862 -6.185099792480469 80 0.039428503871477005
Structure 42: -495.279770720594 -495.2506408691406 -6.190997134007425 -6.190633010864258 80 0.029129851453376432
Structure 43: -494.548552719742 -494.5184631347656 -6.181856908996775 -6.181480789184571 80 0.03008958497639469
Structure 44: -494.250171767391 -494.2254638671875 -6.178127147092388 -6.177818298339844 80 0.024707900203509325
Structure 45: -494.552941554339 -494.52264404296875 -6.181911769429237 -6.1815330505371096 80 0.030297511370235952
Structure 46: -494.312573213323 -494.2825927734375 -6.178907165166537 -6.178532409667969 80 0.029980439885491705
Structure 47: -494.185377393151 -494.1639099121094 -6.177317217414387 -6.177048873901367 80 0.021467481041611336
Structure 48: -494.44371709742 -494.4007568359375 -6.18054646371775 -6.180009460449218 80 0.04296026148250576
Structure 49: -494.540869985391 -494.50384521484375 -6.181760874817387 -6.181298065185547 80 0.037024770547247954
Structure 50: -494.488321893656 -494.44873046875 -6.1811040236707 -6.180609130859375 80 0.03959142490600698
Structure 51: -494.610295585448 -494.57818603515625 -6.1826286948181 -6.182227325439453 80 0.03210955029175011
Structure 52: -494.053648821875 -494.0279235839844 -6.175670610273437 -6.1753490447998045 80 0.025725237890640074
Structure 53: -494.096876619209 -494.0768737792969 -6.176210957740112 -6.175960922241211 80 0.020002839912137915
Structure 54: -494.590310212559 -494.5594177246094 -6.182378877656988 -6.181992721557617 80 0.030892487949643055
Structure 55: -494.083153300337 -494.0555419921875 -6.176039416254213 -6.175694274902344 80 0.027611308149516844
Structure 56: -494.027257045364 -493.9961242675781 -6.17534071306705 -6.174951553344727 80 0.03113277778589918
Structure 57: -494.554883575591 -494.5210876464844 -6.181936044694888 -6.1815135955810545 80 0.03379592910664542
Structure 58: -494.252234122338 -494.21002197265625 -6.178152926529225 -6.177625274658203 80 0.04221214968174536
Structure 59: -494.351882441821 -494.3363037109375 -6.179398530522763 -6.179203796386719 80 0.015578730883476055
Structure 60: -493.848794382317 -493.816162109375 -6.1731099297789624 -6.172702026367188 80 0.03263227294200988
Structure 61: -494.328579201632 -494.29522705078125 -6.1791072400204 -6.178690338134766 80 0.033352150850760154
Structure 62: -493.714119305918 -493.68817138671875 -6.171426491323976 -6.171102142333984 80 0.0259479191992682
Structure 63: -494.12517546703 -494.0888366699219 -6.176564693337875 -6.176110458374024 80 0.03633879710810106
Structure 64: -494.06756475112 -494.0201110839844 -6.175844559389001 -6.175251388549805 80 0.04745366713564181
Structure 65: -493.952963371197 -493.93243408203125 -6.174412042139962 -6.174155426025391 80 0.020529289165722275
Structure 66: -494.025480394903 -493.99957275390625 -6.175318504936287 -6.174994659423828 80 0.025907640996763348
Structure 67: -494.154373614772 -494.1148376464844 -6.17692967018465 -6.176435470581055 80 0.03953596828762329
Structure 68: -493.903960807984 -493.89080810546875 -6.1737995100997995 -6.173635101318359 80 0.013152702515242254
Structure 69: -494.077836129782 -494.0547180175781 -6.175972951622275 -6.175683975219727 80 0.02311811220386062
Structure 70: -493.967882607267 -493.9472961425781 -6.174598532590837 -6.174341201782227 80 0.020586464688847173
Structure 71: -493.846288962599 -493.8186950683594 -6.173078612032487 -6.1727336883544925 80 0.027593894239601013
Structure 72: -493.786359990852 -493.75860595703125 -6.172329499885651 -6.1719825744628904 80 0.02775403382077002
Structure 73: -493.672374218677 -493.64288330078125 -6.170904677733462 -6.170536041259766 80 0.029490917895770963
Structure 74: -493.39120064017 -493.3623352050781 -6.1673900080021244 -6.167029190063476 80 0.028865435091859126
Structure 75: -493.611474399579 -493.5545654296875 -6.170143429994737 -6.169432067871094 80 0.056908969891480865
Structure 76: -492.922475148316 -492.88763427734375 -6.16153093935395 -6.161095428466797 80 0.034840870972232096
Structure 77: -493.095106563091 -493.0499572753906 -6.163688832038638 -6.163124465942383 80 0.045149287700382956
Structure 78: -493.283536321902 -493.23175048828125 -6.166044204023775 -6.165396881103516 80 0.05178583362072686
Structure 79: -493.075229149537 -493.0452880859375 -6.163440364369213 -6.163066101074219 80 0.029941063599494555
Structure 80: -492.811672668595 -492.7775573730469 -6.160145908357437 -6.159719467163086 80 0.03411529554813342
Structure 81: -493.498757074409 -493.4563293457031 -6.168734463430113 -6.168204116821289 80 0.04242772870588851
Structure 82: -492.878522385036 -492.8434753417969 -6.1609815298129496 -6.160543441772461 80 0.03504704323910346
Structure 83: -493.307119076075 -493.2539978027344 -6.166338988450938 -6.1656749725341795 80 0.05312127334065053
Structure 84: -493.792245414381 -493.76171875 -6.172403067679762 -6.172021484375 80 0.030526664381000046
Structure 85: -492.914227686102 -492.86663818359375 -6.161427846076275 -6.1608329772949215 80 0.04758950250823091
Structure 86: -492.763020484454 -492.74346923828125 -6.159537756055675 -6.159293365478516 80 0.019551246172738956
Structure 87: -492.791530142615 -492.7437744140625 -6.159894126782687 -6.159297180175781 80 0.04775572855248811
Structure 88: -492.585654953265 -492.56689453125 -6.157320686915813 -6.157086181640625 80 0.018760422015020595
Structure 89: -492.768550103741 -492.7281494140625 -6.159606876296762 -6.159101867675782 80 0.040400689678506296
Structure 90: -492.935646214843 -492.8976745605469 -6.1616955776855376 -6.161220932006836 80 0.03797165429614324
Structure 91: -492.806799962011 -492.79119873046875 -6.160084999525138 -6.159889984130859 80 0.015601231542234473
Structure 92: -492.420835227975 -492.4039001464844 -6.155260440349688 -6.155048751831055 80 0.016935081490601078
Structure 93: -493.069591152205 -493.034912109375 -6.163369889402563 -6.162936401367188 80 0.03467904283002099
Structure 94: -492.747446431942 -492.7208251953125 -6.1593430803992755 -6.159010314941407 80 0.026621236629523537
Structure 95: -492.934503180222 -492.8975830078125 -6.161681289752775 -6.161219787597656 80 0.03692017240950918
Structure 96: -493.053137087936 -493.014892578125 -6.163164213599201 -6.162686157226562 80 0.038244509811022454
Structure 97: -492.723347475978 -492.6822509765625 -6.159041843449725 -6.158528137207031 80 0.04109649941551652
Structure 98: -492.844648215414 -492.8202209472656 -6.160558102692675 -6.1602527618408205 80 0.02442726814837215
Structure 99: -492.801837695988 -492.76959228515625 -6.16002297119985 -6.159619903564453 80 0.03224541083176291
Structure 100: -492.819112448837 -492.7898254394531 -6.160238905610463 -6.159872817993164 80 0.029287009383892837
Structure 1: -492.557126802105 -492.5127868652344 -6.1569640850263125 -6.156409835815429 80 0.044339936870642305
Structure 2: -492.187928194915 -492.1512145996094 -6.152349102436437 -6.1518901824951175 80 0.03671359530562768
Structure 3: -492.278830759784 -492.2572937011719 -6.1534853844973 -6.153216171264648 80 0.021537058612125293
Structure 4: -492.738829383525 -492.7107238769531 -6.1592353672940625 -6.158884048461914 80 0.02810550657187605
Structure 5: -492.504925594185 -492.4762268066406 -6.156311569927313 -6.155952835083008 80 0.028698787544385596
Structure 6: -491.822459454295 -491.7962951660156 -6.1477807431786875 -6.147453689575196 80 0.026164288279346692
Structure 7: -491.809106555753 -491.76385498046875 -6.147613831946912 -6.1470481872558596 80 0.045251575284225964
Structure 8: -492.470855838244 -492.45263671875 -6.15588569797805 -6.155657958984375 80 0.01821911949400601
Structure 9: -492.43186581981 -492.38714599609375 -6.155398322747625 -6.154839324951172 80 0.04471982371626382
Structure 10: -492.681348414157 -492.6514587402344 -6.158516855176963 -6.15814323425293 80 0.029889673922639304
Structure 11: -492.008045738672 -491.9692687988281 -6.1501005717334 -6.149615859985351 80 0.03877693984389907
Structure 12: -491.594969309292 -491.51788330078125 -6.14493711636615 -6.143973541259766 80 0.07708600851077563
Structure 13: -491.315255166606 -491.2762145996094 -6.141440689582575 -6.140952682495117 80 0.03904056699661851
Structure 14: -491.476624515042 -491.4324645996094 -6.1434578064380245 -6.142905807495117 80 0.04415991543260134
Structure 15: -492.34806974003 -492.30279541015625 -6.154350871750375 -6.153784942626953 80 0.04527432987373459
Structure 16: -491.572410226927 -491.5563049316406 -6.144655127836588 -6.144453811645508 80 0.016105295286365617
Structure 17: -491.693816215255 -491.657470703125 -6.146172702690688 -6.145718383789062 80 0.036345512130026236
Structure 18: -493.116012530623 -493.0776672363281 -6.1639501566327874 -6.163470840454101 80 0.03834529429485656
Structure 19: -491.409684637874 -491.4222717285156 -6.142621057973425 -6.142778396606445 80 0.012587090641602572
Structure 20: -491.623538134249 -491.6142272949219 -6.1452942266781125 -6.145177841186523 80 0.00931083932709953
Structure 21: -492.083269444433 -492.0495300292969 -6.1510408680554125 -6.150619125366211 80 0.033739415136096795
Structure 22: -492.359181550994 -492.3197937011719 -6.154489769387425 -6.153997421264648 80 0.039387849822105636
Structure 23: -491.362888953037 -491.33087158203125 -6.1420361119129625 -6.141635894775391 80 0.032017371005736095
Structure 24: -492.233730212076 -492.2268981933594 -6.15292162765095 -6.1528362274169925 80 0.006832018716636412
Structure 25: -491.305097724202 -491.2820129394531 -6.1413137215525255 -6.141025161743164 80 0.023084784748903076
Structure 26: -491.938841433504 -491.9067687988281 -6.1492355179188 -6.148834609985352 80 0.032072634675898826
Structure 27: -491.680774557557 -491.6856994628906 -6.1460096819694625 -6.146071243286133 80 0.004924905333609786
Structure 28: -491.547870877108 -491.50189208984375 -6.14434838596385 -6.1437736511230465 80 0.045978787264232324
Structure 29: -491.569740329611 -491.53643798828125 -6.144621754120138 -6.144205474853516 80 0.03330234132977239
Structure 30: -491.180178705392 -491.125244140625 -6.1397522338174 -6.139065551757812 80 0.05493456476699521
Structure 31: -490.701882366739 -490.6859436035156 -6.1337735295842375 -6.133574295043945 80 0.01593876322340293
Structure 32: -490.463796859145 -490.4283142089844 -6.130797460739313 -6.130353927612305 80 0.035482650160645335
Structure 33: -492.258093650169 -492.202392578125 -6.1532261706271125 -6.152529907226563 80 0.055701072043973454
Structure 34: -491.444221539274 -491.4009704589844 -6.143052769240925 -6.1425121307373045 80 0.04325108028962177
Structure 35: -491.338917823268 -491.3232116699219 -6.14173647279085 -6.141540145874023 80 0.015706153346116025
Structure 36: -491.204547715566 -491.221435546875 -6.140056846444574 -6.140267944335937 80 0.016887831309020385
Structure 37: -491.498489728856 -491.471923828125 -6.1437311216107 -6.143399047851562 80 0.026565900730986414
Structure 38: -491.802709112471 -491.7534484863281 -6.147533863905887 -6.146918106079101 80 0.04926062614288185
Structure 39: -491.881656727743 -491.87274169921875 -6.148520709096788 -6.148409271240235 80 0.00891502852425674
Structure 40: -490.79374256247 -490.77435302734375 -6.134921782030875 -6.1346794128417965 80 0.0193895351262654
Structure 41: -490.833418671471 -490.8338317871094 -6.135417733393387 -6.135422897338867 80 0.0004131156383664347
Structure 42: -491.047623610783 -491.00506591796875 -6.138095295134788 -6.137563323974609 80 0.04255769281422772
Structure 43: -489.876265014726 -489.8614501953125 -6.1234533126840756 -6.123268127441406 80 0.014814819413516034
Structure 44: -490.63637266263 -490.6142883300781 -6.132954658282875 -6.132678604125976 80 0.022084332551855823
Structure 45: -489.784748572878 -489.7328186035156 -6.122309357160975 -6.121660232543945 80 0.05192996936239069
Structure 46: -490.229599585317 -490.2171325683594 -6.1278699948164626 -6.127714157104492 80 0.012467016957600663
Structure 47: -491.38760648133 -491.35296630859375 -6.142345081016625 -6.1419120788574215 80 0.03464017273626041
Structure 48: -491.079929697262 -491.01953125 -6.138499121215775 -6.137744140625 80 0.06039844726200272
Structure 49: -489.302196959587 -489.26385498046875 -6.116277461994837 -6.1157981872558596 80 0.03834197911822912
Structure 50: -491.32609032017 -491.3104553222656 -6.141576129002125 -6.141380691528321 80 0.015634997904385273
Structure 51: -488.89011890467 -488.8779602050781 -6.1111264863083745 -6.110974502563477 80 0.012158699591850564
Structure 52: -490.389465755314 -490.3292541503906 -6.129868321941425 -6.1291156768798825 80 0.0602116049233814
Structure 53: -489.504692879185 -489.5006408691406 -6.118808660989812 -6.118758010864258 80 0.004052010044347298
Structure 54: -490.669247550486 -490.6474609375 -6.1333655943810745 -6.13309326171875 80 0.021786612985977172
Structure 55: -489.634253594027 -489.5771484375 -6.120428169925337 -6.11971435546875 80 0.05710515652697268
Structure 56: -490.379193560388 -490.3509521484375 -6.12973991950485 -6.129386901855469 80 0.028241411950489237
Structure 57: -490.341897150549 -490.2821960449219 -6.1292737143818625 -6.128527450561523 80 0.05970110562714126
Structure 58: -489.614176583222 -489.57977294921875 -6.120177207290275 -6.119747161865234 80 0.03440363400324031
Structure 59: -490.369455068412 -490.33416748046875 -6.12961818835515 -6.129177093505859 80 0.03528758794323039
Structure 60: -490.022255438947 -489.9734802246094 -6.125278192986838 -6.1246685028076175 80 0.04877521433763832
Structure 61: -489.59815338831 -489.56536865234375 -6.119976917353875 -6.119567108154297 80 0.03278473596623144
Structure 62: -490.401978786213 -490.3587646484375 -6.130024734827662 -6.129484558105469 80 0.04321413777552152
Structure 63: -490.068836359958 -490.0502624511719 -6.125860454499476 -6.125628280639648 80 0.01857390878615206
Structure 64: -488.435926527822 -488.44415283203125 -6.105449081597775 -6.105551910400391 80 0.008226304209244972
Structure 65: -489.412949010421 -489.4130554199219 -6.117661862630262 -6.117663192749023 80 0.00010640950085871737
Structure 66: -489.157105847804 -489.16754150390625 -6.11446382309755 -6.114594268798828 80 0.010435656102231405
Structure 67: -488.772352088985 -488.7137145996094 -6.109654401112312 -6.1089214324951175 80 0.05863748937559876
Structure 68: -488.749205705688 -488.72186279296875 -6.1093650713211 -6.1090232849121096 80 0.02734291271923439
Structure 69: -489.699092137209 -489.6465148925781 -6.121238651715112 -6.120581436157226 80 0.05257724463086788
Structure 70: -490.164552123839 -490.1352233886719 -6.127056901547987 -6.126690292358399 80 0.02932873516709833
Structure 71: -489.247988885385 -489.25079345703125 -6.115599861067312 -6.115634918212891 80 0.0028045716462656856
Structure 72: -490.239381244945 -490.2086181640625 -6.127992265561812 -6.127607727050782 80 0.0307630808824797
Structure 73: -487.973212139739 -487.9091491699219 -6.099665151746738 -6.098864364624023 80 0.06406296981714377
Structure 74: -490.264842523669 -490.2587890625 -6.128310531545862 -6.12823486328125 80 0.006053461169017282
Structure 75: -489.611520953338 -489.56744384765625 -6.120144011916725 -6.1195930480957035 80 0.04407710568176526
Structure 76: -488.272928696413 -488.2420959472656 -6.103411608705162 -6.10302619934082 80 0.03083274914735057
Structure 77: -488.936902210084 -488.8481140136719 -6.11171127762605 -6.110601425170898 80 0.08878819641211066
Structure 78: -487.649782042532 -487.6474914550781 -6.0956222755316505 -6.095593643188477 80 0.0022905874538992066
Structure 79: -488.23346421462 -488.2165832519531 -6.102918302682751 -6.102707290649414 80 0.016880962666903088
Structure 80: -487.776921498218 -487.75750732421875 -6.0972115187277245 -6.0969688415527346 80 0.019414173999223294
Structure 81: -487.850837195612 -487.7894287109375 -6.09813546494515 -6.097367858886718 80 0.06140848467447313
Structure 82: -487.675355209223 -487.66290283203125 -6.095941940115288 -6.095786285400391 80 0.012452377191777941
Structure 83: -488.776487001913 -488.73846435546875 -6.109706087523913 -6.109230804443359 80 0.03802264644423303
Structure 84: -488.278666099792 -488.2688903808594 -6.1034833262474 -6.103361129760742 80 0.009775718932644395
Structure 85: -486.606331254203 -486.6329345703125 -6.082579140677537 -6.082911682128906 80 0.026603316109515163
Structure 86: -486.629660764436 -486.58441162109375 -6.082870759555449 -6.082305145263672 80 0.0452491433422324
Structure 87: -488.16878427663 -488.1674499511719 -6.102109803457875 -6.102093124389649 80 0.0013343254581172914
Structure 88: -488.98940399383 -488.9619140625 -6.112367549922875 -6.11202392578125 80 0.027489931330023865
Structure 89: -488.183957094108 -488.1553649902344 -6.10229946367635 -6.10194206237793 80 0.028592103873620545
Structure 90: -488.857316291305 -488.8466491699219 -6.110716453641312 -6.110583114624023 80 0.01066712138310777
Structure 91: -487.810764885358 -487.866943359375 -6.097634561066975 -6.098336791992187 80 0.05617847401697418
Structure 92: -487.477811419918 -487.3825378417969 -6.093472642748975 -6.092281723022461 80 0.09527357812112314
Structure 93: -488.88854985053 -488.8236083984375 -6.111106873131625 -6.110295104980469 80 0.06494145209251201
Structure 94: -488.516741596177 -488.5453186035156 -6.106459269952213 -6.1068164825439455 80 0.028577007338640215
Structure 95: -487.678917083951 -487.5436706542969 -6.095986463549387 -6.094295883178711 80 0.13524642965410294
Structure 96: -487.149712011425 -487.1684265136719 -6.089371400142812 -6.089605331420898 80 0.01871450224689397
Structure 97: -486.966323761171 -486.9663391113281 -6.087079047014638 -6.087079238891602 80 1.5350157127613784e-05
Structure 98: -488.12464135966 -488.13134765625 -6.10155801699575 -6.101641845703125 80 0.00670629658998223
Structure 99: -487.341405133615 -487.357421875 -6.091767564170188 -6.0919677734375 80 0.016016741384987654
Structure 100: -487.661410261164 -487.5744323730469 -6.09576762826455 -6.094680404663086 80 0.0869778881171328
Structure 1: -487.771240379276 -487.7356872558594 -6.09714050474095 -6.096696090698242 80 0.035553123416605104
Structure 2: -487.506610867877 -487.5319519042969 -6.093832635848463 -6.094149398803711 80 0.025341036419888496
Structure 3: -486.419832980544 -486.4242248535156 -6.0802479122568 -6.080302810668945 80 0.0043918729716097005
Structure 4: -485.758905135364 -485.77874755859375 -6.07198631419205 -6.072234344482422 80 0.019842423229761152
Structure 5: -486.296288250895 -486.2696838378906 -6.078703603136187 -6.078371047973633 80 0.02660441300434968
Structure 6: -487.640521847534 -487.5856628417969 -6.0955065230941745 -6.094820785522461 80 0.05485900573711433
Structure 7: -486.135896655604 -486.0791931152344 -6.07669870819505 -6.07598991394043 80 0.056703540369596794
Structure 8: -486.904378578005 -486.7603454589844 -6.086304732225062 -6.084504318237305 80 0.14403311902060523
Structure 9: -486.559962878488 -486.4443359375 -6.0819995359811 -6.08055419921875 80 0.1156269409880224
Structure 10: -486.232356171033 -486.1689147949219 -6.077904452137913 -6.077111434936524 80 0.0634413761111432
Structure 11: -485.643782273619 -485.537841796875 -6.0705472784202374 -6.069223022460937 80 0.10594047674402418
Structure 12: -487.027746556403 -486.9792785644531 -6.087846831955037 -6.087240982055664 80 0.048467991949848965
Structure 13: -485.533382069865 -485.5128479003906 -6.069167275873313 -6.068910598754883 80 0.02053416947438791
Structure 14: -485.116326386789 -485.1425476074219 -6.063954079834863 -6.064281845092774 80 0.026221220632862696
Structure 15: -484.73739857956 -484.67987060546875 -6.059217482244501 -6.058498382568359 80 0.05752797409127197
Structure 16: -484.651047895528 -484.5835876464844 -6.0581380986941 -6.057294845581055 80 0.06746024904362002
Structure 17: -486.129410866211 -486.1111755371094 -6.076617635827637 -6.0763896942138675 80 0.018235329101628395
Structure 18: -485.018825697654 -484.98980712890625 -6.062735321220675 -6.0623725891113285 80 0.029018568747744666
Structure 19: -485.37880637584 -485.3407287597656 -6.0672350796979995 -6.06675910949707 80 0.038077616074360776
Structure 20: -487.229462126612 -487.2098693847656 -6.09036827658265 -6.0901233673095705 80 0.019592741846395256
Structure 21: -485.192108993666 -485.1380615234375 -6.064901362420825 -6.064225769042968 80 0.054047470228510974
Structure 22: -486.20404315407 -486.1339416503906 -6.077550539425875 -6.076674270629883 80 0.07010150367938195
Structure 23: -485.14587968394 -485.03216552734375 -6.06432349604925 -6.0629020690917965 80 0.11371415659624518
Structure 24: -485.730187881425 -485.6656188964844 -6.071627348517813 -6.070820236206055 80 0.06456898494064944
Structure 25: -485.510004546282 -485.55560302734375 -6.068875056828525 -6.069445037841797 80 0.04559848106174513
Structure 26: -484.528077199837 -484.4750061035156 -6.056600964997963 -6.055937576293945 80 0.05307109632138918
Structure 27: -485.653073457746 -485.5774230957031 -6.070663418221825 -6.069717788696289 80 0.075650362042893
Structure 28: -483.924527094081 -483.93377685546875 -6.049056588676012 -6.049172210693359 80 0.00924976138776401
Structure 29: -485.337745694065 -485.3015441894531 -6.066721821175813 -6.066269302368164 80 0.03620150461188132
Structure 30: -483.100847640191 -483.0944519042969 -6.038760595502387 -6.038680648803711 80 0.006395735894102472
Structure 31: -484.527325423118 -484.4731140136719 -6.056591567788975 -6.055913925170898 80 0.05421140944611125
Structure 32: -483.872946780702 -483.8563232421875 -6.048411834758776 -6.048204040527343 80 0.016623538514522807
Structure 33: -484.887335495187 -484.9080505371094 -6.061091693689837 -6.061350631713867 80 0.02071504192235807
Structure 34: -485.884582339841 -485.8847351074219 -6.073557279248012 -6.073559188842774 80 0.00015276758085747133
Structure 35: -486.174886127967 -486.20745849609375 -6.077186076599587 -6.077593231201172 80 0.03257236812675046
Structure 36: -485.122003701043 -485.1023254394531 -6.064025046263038 -6.063779067993164 80 0.01967826158988828
Structure 37: -484.345865933894 -484.282470703125 -6.054323324173675 -6.053530883789063 80 0.06339523076900377
Structure 38: -487.206721948034 -487.17822265625 -6.090084024350425 -6.089727783203125 80 0.028499291783987246
Structure 39: -483.474400753974 -483.33392333984375 -6.043430009424675 -6.041674041748047 80 0.1404774141302596
Structure 40: -483.87468162605 -483.882568359375 -6.048433520325625 -6.048532104492187 80 0.007886733324994566
Structure 41: -483.102612365477 -482.96875 -6.038782654568463 -6.037109375 80 0.13386236547700037
Structure 42: -483.607767221918 -483.53155517578125 -6.045097090273975 -6.0441444396972654 80 0.07621204613673171
Structure 43: -485.029928840435 -485.02069091796875 -6.062874110505438 -6.0627586364746096 80 0.009237922466240889
Structure 44: -483.120588312748 -483.1185302734375 -6.03900735390935 -6.038981628417969 80 0.002058039310497861
Structure 45: -483.162250994115 -483.1029968261719 -6.039528137426438 -6.038787460327148 80 0.05925416794315197
Structure 46: -482.240713099603 -482.20074462890625 -6.028008913745038 -6.027509307861328 80 0.03996847069674914
Structure 47: -483.626969787929 -483.53497314453125 -6.045337122349112 -6.04418716430664 80 0.09199664339774927
Structure 48: -482.503781422758 -482.46942138671875 -6.031297267784475 -6.0308677673339846 80 0.034360036039231545
Structure 49: -482.54484994031 -482.4849548339844 -6.0318106242538745 -6.0310619354248045 80 0.059895106325598135
Structure 50: -484.362780589588 -484.2520751953125 -6.05453475736985 -6.053150939941406 80 0.11070539427549875
Structure 51: -484.11872756268 -484.1134948730469 -6.0514840945335004 -6.051418685913086 80 0.005232689633146492
Structure 52: -482.926840955377 -482.8672180175781 -6.036585511942212 -6.035840225219727 80 0.05962293779884931
Structure 53: -483.988159167664 -483.8843994140625 -6.049851989595799 -6.048554992675781 80 0.10375975360148004
Structure 54: -482.008542030977 -481.96063232421875 -6.025106775387213 -6.024507904052735 80 0.04790970675827566
Structure 55: -483.299089861459 -483.2419128417969 -6.041238623268237 -6.040523910522461 80 0.05717701966210598
Structure 56: -484.37310371489 -484.32958984375 -6.054663796436126 -6.054119873046875 80 0.043513871140021365
Structure 57: -484.020436215051 -484.0111999511719 -6.050255452688138 -6.050139999389648 80 0.009236263879131457
Structure 58: -483.662068474361 -483.6628723144531 -6.045775855929512 -6.045785903930664 80 0.0008038400921464017
Structure 59: -482.152515470232 -482.0810241699219 -6.0269064433779 -6.026012802124024 80 0.07149130031012874
Structure 60: -484.58475873667 -484.5313415527344 -6.057309484208375 -6.05664176940918 80 0.05341718393560768
Structure 61: -484.003988160719 -483.93621826171875 -6.050049852008987 -6.049202728271484 80 0.0677698990002682
Structure 62: -482.364872151364 -482.40753173828125 -6.02956090189205 -6.030094146728516 80 0.04265958691723881
Structure 63: -483.439443142561 -483.4022216796875 -6.042993039282012 -6.042527770996093 80 0.0372214628735037
Structure 64: -482.026418425092 -481.8764953613281 -6.02533023031365 -6.023456192016601 80 0.14992306376387887
Structure 65: -482.306778214697 -482.2514953613281 -6.028834727683712 -6.028143692016601 80 0.05528285336885119
Structure 66: -483.498021319301 -483.4432067871094 -6.043725266491263 -6.043040084838867 80 0.05481453219164223
Structure 67: -483.27036292386 -483.1500549316406 -6.04087953654825 -6.039375686645508 80 0.1203079922193524
Structure 68: -482.067776699612 -482.1561279296875 -6.02584720874515 -6.026951599121094 80 0.08835123007548873
Structure 69: -482.720821033512 -482.718017578125 -6.034010262918899 -6.033975219726562 80 0.002803455386981568
Structure 70: -482.976862531894 -482.9490661621094 -6.0372107816486755 -6.036863327026367 80 0.027796369784653052
Structure 71: -484.817909924255 -484.7730712890625 -6.060223874053188 -6.059663391113281 80 0.04483863519249098
Structure 72: -482.950664622447 -482.84942626953125 -6.036883307780587 -6.035617828369141 80 0.10123835291574323
Structure 73: -481.69690269764 -481.7374267578125 -6.0212112837205 -6.021717834472656 80 0.04052406017251542
Structure 74: -482.641103859547 -482.5426940917969 -6.033013798244338 -6.031783676147461 80 0.09840976775012678
Structure 75: -483.147628909748 -483.16375732421875 -6.03934536137185 -6.039546966552734 80 0.016128414470756525
Structure 76: -482.815442407664 -482.59356689453125 -6.0351930300958 -6.032419586181641 80 0.22187551313277254
Structure 77: -480.424137590355 -480.3578186035156 -6.005301719879437 -6.004472732543945 80 0.06631898683934878
Structure 78: -480.98860710665 -480.9144592285156 -6.012357588833125 -6.011430740356445 80 0.07414787813439716
Structure 79: -482.358739549196 -482.3376159667969 -6.02948424436495 -6.029220199584961 80 0.021123582399127372
Structure 80: -481.431164454541 -481.35040283203125 -6.017889555681762 -6.016880035400391 80 0.0807616225097263
Structure 81: -480.608385361062 -480.52032470703125 -6.007604817013275 -6.006504058837891 80 0.08806065403075536
Structure 82: -480.87175807231 -480.8524169921875 -6.010896975903875 -6.010655212402344 80 0.019341080122501353
Structure 83: -479.968382094216 -479.8305358886719 -5.9996047761777 -5.997881698608398 80 0.13784620554412186
Structure 84: -480.21355680886 -480.1688537597656 -6.00266946011075 -6.0021106719970705 80 0.044703049094380276
Structure 85: -479.927344864005 -479.9723205566406 -5.999091810800063 -5.999654006958008 80 0.04497569263560308
Structure 86: -481.366328802396 -481.26104736328125 -6.01707911002995 -6.0157630920410154 80 0.10528143911477628
Structure 87: -481.822826054842 -481.7136535644531 -6.022785325685525 -6.021420669555664 80 0.10917249038885757
Structure 88: -481.689211421031 -481.6585693359375 -6.021115142762888 -6.020732116699219 80 0.03064208509351829
Structure 89: -483.754297671232 -483.7452087402344 -6.0469287208904 -6.04681510925293 80 0.009088930997620537
Structure 90: -482.918247513193 -482.7876892089844 -6.036478093914913 -6.0348461151123045 80 0.13055830420864822
Structure 91: -503.249177577603 -503.4659423828125 -6.290614719720038 -6.293324279785156 80 0.21676480520949326
Structure 92: -503.336586490001 -503.5526428222656 -6.2917073311250125 -6.2944080352783205 80 0.21605633226459986
Structure 93: -503.475234264413 -503.6923522949219 -6.293440428305162 -6.296154403686524 80 0.21711803050885692
Structure 94: -503.43278631194 -503.6448669433594 -6.2929098288992495 -6.295560836791992 80 0.21208063141938283
Structure 95: -503.376514729491 -503.5873718261719 -6.292206434118638 -6.294842147827149 80 0.21085709668085428
Structure 96: -503.48806741005 -503.67828369140625 -6.293600842625625 -6.295978546142578 80 0.1902162813562427
Structure 97: -505.214712602505 -505.29833984375 -6.3151839075313125 -6.316229248046875 80 0.083627241244983
Structure 98: -506.983273314821 -507.01953125 -6.337290916435263 -6.337744140625 80 0.03625793517898046
Structure 99: -507.979788283268 -507.95068359375 -6.349747353540851 -6.349383544921875 80 0.029104689518021587
Structure 100: -508.057210602801 -507.9093017578125 -6.350715132535012 -6.348866271972656 80 0.14790884498847845
